state_fips_code,year,month,formatted_date,unit_desc,Value,pred_ind,Lower Bound,Upper Bound
6,2012,6,Jun2012,$ / BU,5.73,0,,
6,2014,6,Jun2014,$ / BU,5.52,0,,
6,2014,8,Aug2014,$ / BU,6.86,0,,
6,2016,5,May2016,$ / BU,4.89,0,,
6,2016,6,Jun2016,$ / BU,4.17,0,,
6,2016,7,Jul2016,$ / BU,4.11,0,,
6,2017,2,Feb2017,$ / BU,4.67,0,,
6,2017,6,Jun2017,$ / BU,4.39,0,,
6,2017,8,Aug2017,$ / BU,4.23,0,,
6,2021,10,Oct2021,$ / BU,5.12,0,,
6,2021,11,Nov2021,$ / BU,5.137799929996548,1,4.8323442523697935,5.443255607623303
6,2021,12,Dec2021,$ / BU,5.155599897936394,1,4.850144220309639,5.461055575563149
6,2022,1,Jan2022,$ / BU,5.17339986587624,1,4.867944188249485,5.478855543502995
6,2022,2,Feb2022,$ / BU,5.191199833816086,1,4.885744156189331,5.496655511442841
6,2022,3,Mar2022,$ / BU,5.208999801755931,1,4.903544124129176,5.514455479382686
6,2022,4,Apr2022,$ / BU,5.226799769695777,1,4.921344092069022,5.532255447322532
6,2022,5,May2022,$ / BU,5.244599737635623,1,4.939144060008868,5.550055415262378
6,2022,6,Jun2022,$ / BU,5.2623997055754685,1,4.956944027948714,5.5678553832022235
6,2022,7,Jul2022,$ / BU,5.280199673515314,1,4.974743995888559,5.585655351142069
6,2022,8,Aug2022,$ / BU,5.29799964145516,1,4.992543963828405,5.603455319081915
6,2022,9,Sep2022,$ / BU,5.315799609395006,1,5.010343931768251,5.621255287021761
6,2022,10,Oct2022,$ / BU,5.3335995773348515,1,5.0281438997080965,5.639055254961606
6,2022,11,Nov2022,$ / BU,5.351399545274697,1,5.045943867647942,5.656855222901452
6,2022,12,Dec2022,$ / BU,5.369199513214543,1,5.063743835587788,5.674655190841298
6,2023,1,Jan2023,$ / BU,5.386999481154389,1,5.081543803527634,5.692455158781144
6,2023,2,Feb2023,$ / BU,5.404799449094234,1,5.099343771467479,5.710255126720989
6,2023,3,Mar2023,$ / BU,5.42259941703408,1,5.117143739407325,5.728055094660835
6,2023,4,Apr2023,$ / BU,5.440399384973926,1,5.134943707347171,5.745855062600681
6,2023,5,May2023,$ / BU,5.458199352913772,1,5.152743675287017,5.7636550305405265
6,2023,6,Jun2023,$ / BU,5.475999320853617,1,5.170543643226862,5.781454998480372
6,2023,7,Jul2023,$ / BU,5.493799288793463,1,5.188343611166708,5.799254966420218
6,2023,8,Aug2023,$ / BU,5.511599256733309,1,5.206143579106554,5.817054934360064
6,2023,9,Sep2023,$ / BU,5.5293992246731545,1,5.2239435470463995,5.834854902299909
6,2023,10,Oct2023,$ / BU,5.547199192613,1,5.241743514986245,5.852654870239755
6,2023,11,Nov2023,$ / BU,5.564999160552846,1,5.259543482926091,5.870454838179601
6,2023,12,Dec2023,$ / BU,5.582799128492692,1,5.277343450865937,5.888254806119447
6,2024,1,Jan2024,$ / BU,5.600599096432537,1,5.295143418805782,5.906054774059292
6,2024,2,Feb2024,$ / BU,5.618399064372383,1,5.312943386745628,5.923854741999138
6,2024,3,Mar2024,$ / BU,5.636199032312229,1,5.330743354685474,5.941654709938984
6,2024,4,Apr2024,$ / BU,5.653999000252075,1,5.34854332262532,5.9594546778788295
6,2024,5,May2024,$ / BU,5.67179896819192,1,5.366343290565165,5.977254645818675
6,2024,6,Jun2024,$ / BU,5.689598936131766,1,5.384143258505011,5.995054613758521
6,2024,7,Jul2024,$ / BU,5.707398904071612,1,5.401943226444857,6.012854581698367
6,2024,8,Aug2024,$ / BU,5.7251988720114575,1,5.4197431943847025,6.0306545496382125
6,2024,9,Sep2024,$ / BU,5.742998839951303,1,5.437543162324548,6.048454517578058
6,2024,10,Oct2024,$ / BU,5.760798807891149,1,5.455343130264394,6.066254485517904
6,2024,11,Nov2024,$ / BU,5.778598775830995,1,5.47314309820424,6.08405445345775
6,2024,12,Dec2024,$ / BU,5.79639874377084,1,5.4909430661440854,6.101854421397595
6,2025,1,Jan2025,$ / BU,5.814198711710686,1,5.508743034083931,6.119654389337441
6,2025,2,Feb2025,$ / BU,5.831998679650532,1,5.526543002023777,6.137454357277287
6,2025,3,Mar2025,$ / BU,5.849798647590378,1,5.544342969963623,6.155254325217133
6,2025,4,Apr2025,$ / BU,5.867598615530223,1,5.562142937903468,6.173054293156978
6,2025,5,May2025,$ / BU,5.885398583470069,1,5.579942905843314,6.190854261096824
6,2025,6,Jun2025,$ / BU,5.903198551409915,1,5.59774287378316,6.20865422903667
6,2025,7,Jul2025,$ / BU,5.9209985193497605,1,5.6155428417230056,6.2264541969765155
6,2025,8,Aug2025,$ / BU,5.938798487289606,1,5.633342809662851,6.244254164916361
6,2025,9,Sep2025,$ / BU,5.956598455229452,1,5.651142777602697,6.262054132856207
6,2025,10,Oct2025,$ / BU,5.974398423169298,1,5.668942745542543,6.279854100796053
6,2025,11,Nov2025,$ / BU,5.992198391109143,1,5.6867427134823885,6.297654068735898
6,2025,12,Dec2025,$ / BU,6.009998359048989,1,5.704542681422234,6.315454036675744
6,2026,1,Jan2026,$ / BU,6.027798326988835,1,5.72234264936208,6.33325400461559
6,2026,2,Feb2026,$ / BU,6.045598294928681,1,5.740142617301926,6.351053972555436
6,2026,3,Mar2026,$ / BU,6.063398262868526,1,5.757942585241771,6.368853940495281
6,2026,4,Apr2026,$ / BU,6.081198230808372,1,5.775742553181617,6.386653908435127
6,2026,5,May2026,$ / BU,6.098998198748218,1,5.793542521121463,6.404453876374973
6,2026,6,Jun2026,$ / BU,6.1167981666880635,1,5.811342489061309,6.4222538443148185
6,2026,7,Jul2026,$ / BU,6.134598134627909,1,5.829142457001154,6.440053812254664
6,2026,8,Aug2026,$ / BU,6.152398102567755,1,5.846942424941,6.45785378019451
6,2026,9,Sep2026,$ / BU,6.170198070507601,1,5.864742392880846,6.475653748134356
6,2026,10,Oct2026,$ / BU,6.1879980384474464,1,5.8825423608206915,6.493453716074201
6,2026,11,Nov2026,$ / BU,6.205798006387292,1,5.900342328760537,6.511253684014047
6,2026,12,Dec2026,$ / BU,6.223597974327138,1,5.918142296700383,6.529053651953893
8,2012,1,Jan2012,$ / BU,5.22,0,,
8,2012,2,Feb2012,$ / BU,5.27,0,,
8,2012,3,Mar2012,$ / BU,5.28,0,,
8,2012,6,Jun2012,$ / BU,6.48,0,,
8,2012,7,Jul2012,$ / BU,6.53,0,,
8,2012,8,Aug2012,$ / BU,6.71,0,,
8,2012,9,Sep2012,$ / BU,6.65,0,,
8,2012,10,Oct2012,$ / BU,6.74,0,,
8,2012,11,Nov2012,$ / BU,6.61,0,,
8,2012,12,Dec2012,$ / BU,6.83,0,,
8,2013,7,Jul2013,$ / BU,6.52,0,,
8,2013,9,Sep2013,$ / BU,6.26,0,,
8,2014,2,Feb2014,$ / BU,4.02,0,,
8,2014,8,Aug2014,$ / BU,4.73,0,,
8,2014,9,Sep2014,$ / BU,6.28,0,,
8,2015,4,Apr2015,$ / BU,7.89,0,,
8,2015,6,Jun2015,$ / BU,6.3,0,,
8,2015,8,Aug2015,$ / BU,5.98,0,,
8,2015,9,Sep2015,$ / BU,6.13,0,,
8,2015,11,Nov2015,$ / BU,6.23,0,,
8,2016,1,Jan2016,$ / BU,6.24,0,,
8,2016,2,Feb2016,$ / BU,6.24,0,,
8,2016,3,Mar2016,$ / BU,6.24,0,,
8,2016,5,May2016,$ / BU,6.24,0,,
8,2016,7,Jul2016,$ / BU,5.45,0,,
8,2016,8,Aug2016,$ / BU,4.67,0,,
8,2016,9,Sep2016,$ / BU,5.26,0,,
8,2016,10,Oct2016,$ / BU,5.56,0,,
8,2016,12,Dec2016,$ / BU,5.63,0,,
8,2017,2,Feb2017,$ / BU,5.29,0,,
8,2017,3,Mar2017,$ / BU,5.45,0,,
8,2017,4,Apr2017,$ / BU,5.38,0,,
8,2017,6,Jun2017,$ / BU,5.38,0,,
8,2017,7,Jul2017,$ / BU,4.28,0,,
8,2017,8,Aug2017,$ / BU,4.46,0,,
8,2017,9,Sep2017,$ / BU,4.53,0,,
8,2017,10,Oct2017,$ / BU,4.81,0,,
8,2017,11,Nov2017,$ / BU,4.69,0,,
8,2018,2,Feb2018,$ / BU,4.8,0,,
8,2018,4,Apr2018,$ / BU,4.49,0,,
8,2018,5,May2018,$ / BU,4.45,0,,
8,2018,7,Jul2018,$ / BU,4.08,0,,
8,2018,8,Aug2018,$ / BU,4.25,0,,
8,2018,11,Nov2018,$ / BU,4.65,0,,
8,2018,12,Dec2018,$ / BU,4.67,0,,
8,2019,1,Jan2019,$ / BU,4.66,0,,
8,2019,2,Feb2019,$ / BU,4.6,0,,
8,2019,3,Mar2019,$ / BU,4.68,0,,
8,2019,4,Apr2019,$ / BU,4.66,0,,
8,2019,6,Jun2019,$ / BU,4.68,0,,
8,2019,8,Aug2019,$ / BU,4.65,0,,
8,2019,9,Sep2019,$ / BU,4.65,0,,
8,2019,10,Oct2019,$ / BU,4.65,0,,
8,2020,2,Feb2020,$ / BU,5.06,0,,
8,2020,3,Mar2020,$ / BU,4.94,0,,
8,2020,4,Apr2020,$ / BU,5.28,0,,
8,2020,6,Jun2020,$ / BU,5.21,0,,
8,2020,7,Jul2020,$ / BU,5.29,0,,
8,2020,8,Aug2020,$ / BU,4.81,0,,
8,2020,9,Sep2020,$ / BU,4.85,0,,
8,2020,10,Oct2020,$ / BU,5.03,0,,
8,2020,11,Nov2020,$ / BU,5.11,0,,
8,2020,12,Dec2020,$ / BU,4.75,0,,
8,2021,1,Jan2021,$ / BU,4.89,0,,
8,2021,2,Feb2021,$ / BU,4.95,0,,
8,2021,3,Mar2021,$ / BU,4.92,0,,
8,2021,4,Apr2021,$ / BU,5.07,0,,
8,2021,5,May2021,$ / BU,4.91,0,,
8,2021,6,Jun2021,$ / BU,5.05,0,,
8,2021,7,Jul2021,$ / BU,4.86,0,,
8,2021,8,Aug2021,$ / BU,4.92,0,,
8,2021,9,Sep2021,$ / BU,4.72,0,,
8,2021,10,Oct2021,$ / BU,4.92,0,,
8,2021,11,Nov2021,$ / BU,4.91,0,,
8,2021,12,Dec2021,$ / BU,5.02,0,,
8,2022,1,Jan2022,$ / BU,5.15,0,,
8,2022,2,Feb2022,$ / BU,4.95,0,,
8,2022,3,Mar2022,$ / BU,5.028779625047629,1,4.338348929933819,5.719210320161439
8,2022,4,Apr2022,$ / BU,5.042201229399383,1,4.351770534285573,5.732631924513194
8,2022,5,May2022,$ / BU,5.055622833751138,1,4.365192138637328,5.746053528864948
8,2022,6,Jun2022,$ / BU,5.0690444381028925,1,4.378613742989082,5.759475133216703
8,2022,7,Jul2022,$ / BU,5.082466042454646,1,4.392035347340836,5.772896737568456
8,2022,8,Aug2022,$ / BU,5.095887646806401,1,4.4054569516925906,5.786318341920211
8,2022,9,Sep2022,$ / BU,5.109309251158155,1,4.418878556044345,5.799739946271965
8,2022,10,Oct2022,$ / BU,5.12273085550991,1,4.4323001603961,5.81316155062372
8,2022,11,Nov2022,$ / BU,5.136152459861664,1,4.445721764747854,5.8265831549754745
8,2022,12,Dec2022,$ / BU,5.149574064213419,1,4.459143369099609,5.840004759327229
8,2023,1,Jan2023,$ / BU,5.1629956685651734,1,4.472564973451363,5.853426363678984
8,2023,2,Feb2023,$ / BU,5.176417272916928,1,4.485986577803118,5.866847968030738
8,2023,3,Mar2023,$ / BU,5.189838877268682,1,4.4994081821548715,5.880269572382492
8,2023,4,Apr2023,$ / BU,5.203260481620436,1,4.512829786506626,5.893691176734246
8,2023,5,May2023,$ / BU,5.216682085972191,1,4.526251390858381,5.907112781086001
8,2023,6,Jun2023,$ / BU,5.230103690323945,1,4.539672995210135,5.9205343854377555
8,2023,7,Jul2023,$ / BU,5.2435252946757,1,4.55309459956189,5.93395598978951
8,2023,8,Aug2023,$ / BU,5.256946899027454,1,4.566516203913644,5.9473775941412645
8,2023,9,Sep2023,$ / BU,5.270368503379209,1,4.579937808265399,5.960799198493019
8,2023,10,Oct2023,$ / BU,5.2837901077309635,1,4.593359412617153,5.974220802844774
8,2023,11,Nov2023,$ / BU,5.297211712082718,1,4.606781016968908,5.987642407196528
8,2023,12,Dec2023,$ / BU,5.310633316434472,1,4.6202026213206615,6.001064011548282
8,2024,1,Jan2024,$ / BU,5.324054920786226,1,4.633624225672416,6.014485615900036
8,2024,2,Feb2024,$ / BU,5.337476525137981,1,4.647045830024171,6.027907220251791
8,2024,3,Mar2024,$ / BU,5.350898129489735,1,4.660467434375925,6.0413288246035455
8,2024,4,Apr2024,$ / BU,5.36431973384149,1,4.67388903872768,6.0547504289553
8,2024,5,May2024,$ / BU,5.377741338193244,1,4.687310643079434,6.068172033307055
8,2024,6,Jun2024,$ / BU,5.391162942544999,1,4.700732247431189,6.081593637658809
8,2024,7,Jul2024,$ / BU,5.4045845468967535,1,4.714153851782943,6.095015242010564
8,2024,8,Aug2024,$ / BU,5.418006151248507,1,4.727575456134697,6.108436846362317
8,2024,9,Sep2024,$ / BU,5.431427755600262,1,4.7409970604864515,6.121858450714072
8,2024,10,Oct2024,$ / BU,5.444849359952016,1,4.754418664838206,6.135280055065826
8,2024,11,Nov2024,$ / BU,5.458270964303771,1,4.767840269189961,6.148701659417581
8,2024,12,Dec2024,$ / BU,5.471692568655525,1,4.781261873541715,6.1621232637693355
8,2025,1,Jan2025,$ / BU,5.48511417300728,1,4.79468347789347,6.17554486812109
8,2025,2,Feb2025,$ / BU,5.498535777359034,1,4.808105082245224,6.188966472472845
8,2025,3,Mar2025,$ / BU,5.511957381710789,1,4.821526686596979,6.202388076824599
8,2025,4,Apr2025,$ / BU,5.5253789860625435,1,4.834948290948733,6.215809681176354
8,2025,5,May2025,$ / BU,5.538800590414297,1,4.848369895300487,6.229231285528107
8,2025,6,Jun2025,$ / BU,5.552222194766052,1,4.8617914996522416,6.242652889879862
8,2025,7,Jul2025,$ / BU,5.565643799117806,1,4.875213104003996,6.256074494231616
8,2025,8,Aug2025,$ / BU,5.579065403469561,1,4.888634708355751,6.269496098583371
8,2025,9,Sep2025,$ / BU,5.592487007821315,1,4.902056312707505,6.2829177029351255
8,2025,10,Oct2025,$ / BU,5.60590861217307,1,4.91547791705926,6.29633930728688
8,2025,11,Nov2025,$ / BU,5.6193302165248245,1,4.928899521411014,6.309760911638635
8,2025,12,Dec2025,$ / BU,5.632751820876579,1,4.942321125762769,6.323182515990389
8,2026,1,Jan2026,$ / BU,5.6461734252283335,1,4.955742730114523,6.336604120342144
8,2026,2,Feb2026,$ / BU,5.659595029580087,1,4.969164334466277,6.350025724693897
8,2026,3,Mar2026,$ / BU,5.673016633931842,1,4.982585938818032,6.363447329045652
8,2026,4,Apr2026,$ / BU,5.686438238283596,1,4.996007543169786,6.3768689333974065
8,2026,5,May2026,$ / BU,5.699859842635351,1,5.009429147521541,6.390290537749161
8,2026,6,Jun2026,$ / BU,5.713281446987105,1,5.022850751873295,6.4037121421009155
8,2026,7,Jul2026,$ / BU,5.72670305133886,1,5.03627235622505,6.41713374645267
8,2026,8,Aug2026,$ / BU,5.7401246556906145,1,5.049693960576804,6.430555350804425
8,2026,9,Sep2026,$ / BU,5.753546260042368,1,5.063115564928558,6.443976955156178
8,2026,10,Oct2026,$ / BU,5.766967864394124,1,5.076537169280313,6.457398559507934
8,2026,11,Nov2026,$ / BU,5.780389468745877,1,5.089958773632067,6.470820163859687
8,2026,12,Dec2026,$ / BU,5.793811073097632,1,5.103380377983822,6.484241768211442
16,2012,1,Jan2012,$ / BU,5.64,0,,
16,2012,2,Feb2012,$ / BU,5.81,0,,
16,2012,3,Mar2012,$ / BU,5.27,0,,
16,2012,4,Apr2012,$ / BU,5.69,0,,
16,2012,5,May2012,$ / BU,5.9,0,,
16,2012,6,Jun2012,$ / BU,5.13,0,,
16,2012,7,Jul2012,$ / BU,6.45,0,,
16,2012,8,Aug2012,$ / BU,6.58,0,,
16,2012,9,Sep2012,$ / BU,6.43,0,,
16,2012,10,Oct2012,$ / BU,6.56,0,,
16,2012,11,Nov2012,$ / BU,6.57,0,,
16,2012,12,Dec2012,$ / BU,6.5,0,,
16,2013,1,Jan2013,$ / BU,6.34,0,,
16,2013,2,Feb2013,$ / BU,6.57,0,,
16,2013,3,Mar2013,$ / BU,6.76,0,,
16,2013,4,Apr2013,$ / BU,6.27,0,,
16,2013,5,May2013,$ / BU,6.48,0,,
16,2013,6,Jun2013,$ / BU,6.7,0,,
16,2013,7,Jul2013,$ / BU,6.78,0,,
16,2013,8,Aug2013,$ / BU,6.37,0,,
16,2013,9,Sep2013,$ / BU,6.26,0,,
16,2013,10,Oct2013,$ / BU,6.3,0,,
16,2013,11,Nov2013,$ / BU,6.68,0,,
16,2013,12,Dec2013,$ / BU,6.44,0,,
16,2014,1,Jan2014,$ / BU,6.28,0,,
16,2014,2,Feb2014,$ / BU,6.38,0,,
16,2014,4,Apr2014,$ / BU,6.31,0,,
16,2014,5,May2014,$ / BU,6.54,0,,
16,2014,7,Jul2014,$ / BU,5.86,0,,
16,2014,8,Aug2014,$ / BU,5.48,0,,
16,2014,9,Sep2014,$ / BU,5.05,0,,
16,2014,10,Oct2014,$ / BU,5.38,0,,
16,2014,11,Nov2014,$ / BU,4.91,0,,
16,2014,12,Dec2014,$ / BU,5.22,0,,
16,2015,1,Jan2015,$ / BU,4.59,0,,
16,2015,2,Feb2015,$ / BU,5.53,0,,
16,2015,3,Mar2015,$ / BU,4.69,0,,
16,2015,4,Apr2015,$ / BU,3.69,0,,
16,2015,5,May2015,$ / BU,4.79,0,,
16,2015,6,Jun2015,$ / BU,4.3,0,,
16,2015,7,Jul2015,$ / BU,5.33,0,,
16,2015,8,Aug2015,$ / BU,5.99,0,,
16,2015,9,Sep2015,$ / BU,5.7,0,,
16,2015,10,Oct2015,$ / BU,5.67,0,,
16,2015,11,Nov2015,$ / BU,5.71,0,,
16,2015,12,Dec2015,$ / BU,6.16,0,,
16,2016,1,Jan2016,$ / BU,5.69,0,,
16,2016,3,Mar2016,$ / BU,5.98,0,,
16,2016,4,Apr2016,$ / BU,6.15,0,,
16,2016,7,Jul2016,$ / BU,5.19,0,,
16,2016,8,Aug2016,$ / BU,5.18,0,,
16,2016,9,Sep2016,$ / BU,4.52,0,,
16,2016,10,Oct2016,$ / BU,4.89,0,,
16,2016,11,Nov2016,$ / BU,5.16,0,,
16,2016,12,Dec2016,$ / BU,5.08,0,,
16,2017,1,Jan2017,$ / BU,5.19,0,,
16,2017,4,Apr2017,$ / BU,5.44,0,,
16,2017,6,Jun2017,$ / BU,4.94,0,,
16,2017,7,Jul2017,$ / BU,5.16,0,,
16,2017,8,Aug2017,$ / BU,4.63,0,,
16,2017,9,Sep2017,$ / BU,4.59,0,,
16,2017,10,Oct2017,$ / BU,4.98,0,,
16,2017,11,Nov2017,$ / BU,5.16,0,,
16,2017,12,Dec2017,$ / BU,4.54,0,,
16,2018,1,Jan2018,$ / BU,4.44,0,,
16,2018,2,Feb2018,$ / BU,4.94,0,,
16,2018,3,Mar2018,$ / BU,4.52,0,,
16,2018,6,Jun2018,$ / BU,5.0,0,,
16,2018,7,Jul2018,$ / BU,5.07,0,,
16,2018,8,Aug2018,$ / BU,4.87,0,,
16,2018,9,Sep2018,$ / BU,4.47,0,,
16,2018,10,Oct2018,$ / BU,4.5,0,,
16,2018,11,Nov2018,$ / BU,5.1,0,,
16,2018,12,Dec2018,$ / BU,5.16,0,,
16,2019,1,Jan2019,$ / BU,5.0,0,,
16,2019,2,Feb2019,$ / BU,5.08,0,,
16,2019,3,Mar2019,$ / BU,5.3,0,,
16,2019,4,Apr2019,$ / BU,5.49,0,,
16,2019,5,May2019,$ / BU,5.34,0,,
16,2019,6,Jun2019,$ / BU,5.29,0,,
16,2019,7,Jul2019,$ / BU,5.15,0,,
16,2019,8,Aug2019,$ / BU,5.02,0,,
16,2019,9,Sep2019,$ / BU,4.89,0,,
16,2019,10,Oct2019,$ / BU,5.02,0,,
16,2019,11,Nov2019,$ / BU,4.96,0,,
16,2019,12,Dec2019,$ / BU,5.05,0,,
16,2020,1,Jan2020,$ / BU,5.09,0,,
16,2020,2,Feb2020,$ / BU,4.83,0,,
16,2020,3,Mar2020,$ / BU,5.15,0,,
16,2020,4,Apr2020,$ / BU,4.95,0,,
16,2020,5,May2020,$ / BU,5.14,0,,
16,2020,6,Jun2020,$ / BU,5.21,0,,
16,2020,7,Jul2020,$ / BU,5.2,0,,
16,2020,8,Aug2020,$ / BU,4.84,0,,
16,2020,9,Sep2020,$ / BU,4.87,0,,
16,2020,10,Oct2020,$ / BU,4.9,0,,
16,2020,11,Nov2020,$ / BU,4.94,0,,
16,2020,12,Dec2020,$ / BU,4.85,0,,
16,2021,1,Jan2021,$ / BU,4.71,0,,
16,2021,2,Feb2021,$ / BU,5.12,0,,
16,2021,3,Mar2021,$ / BU,4.99,0,,
16,2021,4,Apr2021,$ / BU,5.02,0,,
16,2021,5,May2021,$ / BU,5.05,0,,
16,2021,6,Jun2021,$ / BU,4.88,0,,
16,2021,7,Jul2021,$ / BU,5.19,0,,
16,2021,8,Aug2021,$ / BU,5.08,0,,
16,2021,9,Sep2021,$ / BU,5.27,0,,
16,2021,10,Oct2021,$ / BU,5.33,0,,
16,2021,11,Nov2021,$ / BU,5.38,0,,
16,2021,12,Dec2021,$ / BU,5.33,0,,
16,2022,1,Jan2022,$ / BU,5.48,0,,
16,2022,2,Feb2022,$ / BU,5.38,0,,
16,2022,3,Mar2022,$ / BU,5.465213697140452,1,4.7696935264767575,6.160733867804147
16,2022,4,Apr2022,$ / BU,5.501529014331538,1,4.806008843667843,6.197049184995233
16,2022,5,May2022,$ / BU,5.537844331522625,1,4.84232416085893,6.23336450218632
16,2022,6,Jun2022,$ / BU,5.574159648713711,1,4.878639478050016,6.269679819377406
16,2022,7,Jul2022,$ / BU,5.610474965904797,1,4.914954795241102,6.305995136568492
16,2022,8,Aug2022,$ / BU,5.646790283095883,1,4.951270112432188,6.342310453759578
16,2022,9,Sep2022,$ / BU,5.683105600286969,1,4.987585429623274,6.378625770950664
16,2022,10,Oct2022,$ / BU,5.719420917478056,1,5.023900746814361,6.414941088141751
16,2022,11,Nov2022,$ / BU,5.755736234669142,1,5.060216064005447,6.4512564053328365
16,2022,12,Dec2022,$ / BU,5.792051551860228,1,5.096531381196533,6.4875717225239224
16,2023,1,Jan2023,$ / BU,5.8283668690513135,1,5.132846698387619,6.523887039715008
16,2023,2,Feb2023,$ / BU,5.8646821862423995,1,5.169162015578705,6.560202356906094
16,2023,3,Mar2023,$ / BU,5.900997503433486,1,5.205477332769791,6.596517674097181
16,2023,4,Apr2023,$ / BU,5.937312820624572,1,5.241792649960877,6.632832991288267
16,2023,5,May2023,$ / BU,5.973628137815658,1,5.278107967151963,6.669148308479353
16,2023,6,Jun2023,$ / BU,6.009943455006744,1,5.314423284343049,6.705463625670439
16,2023,7,Jul2023,$ / BU,6.046258772197831,1,5.350738601534136,6.741778942861526
16,2023,8,Aug2023,$ / BU,6.082574089388917,1,5.387053918725222,6.778094260052612
16,2023,9,Sep2023,$ / BU,6.118889406580003,1,5.423369235916308,6.814409577243698
16,2023,10,Oct2023,$ / BU,6.155204723771089,1,5.459684553107394,6.850724894434784
16,2023,11,Nov2023,$ / BU,6.191520040962175,1,5.49599987029848,6.8870402116258695
16,2023,12,Dec2023,$ / BU,6.227835358153261,1,5.532315187489566,6.9233555288169555
16,2024,1,Jan2024,$ / BU,6.264150675344347,1,5.568630504680653,6.959670846008042
16,2024,2,Feb2024,$ / BU,6.300465992535433,1,5.6049458218717385,6.995986163199128
16,2024,3,Mar2024,$ / BU,6.336781309726519,1,5.6412611390628244,7.032301480390214
16,2024,4,Apr2024,$ / BU,6.373096626917605,1,5.67757645625391,7.0686167975813
16,2024,5,May2024,$ / BU,6.409411944108692,1,5.713891773444997,7.104932114772387
16,2024,6,Jun2024,$ / BU,6.445727261299778,1,5.750207090636083,7.141247431963473
16,2024,7,Jul2024,$ / BU,6.482042578490864,1,5.786522407827169,7.177562749154559
16,2024,8,Aug2024,$ / BU,6.51835789568195,1,5.822837725018255,7.213878066345645
16,2024,9,Sep2024,$ / BU,6.554673212873036,1,5.859153042209341,7.250193383536731
16,2024,10,Oct2024,$ / BU,6.590988530064122,1,5.895468359400427,7.286508700727817
16,2024,11,Nov2024,$ / BU,6.627303847255209,1,5.931783676591514,7.3228240179189035
16,2024,12,Dec2024,$ / BU,6.6636191644462945,1,5.9680989937826,7.359139335109989
16,2025,1,Jan2025,$ / BU,6.6999344816373805,1,6.004414310973686,7.395454652301075
16,2025,2,Feb2025,$ / BU,6.736249798828466,1,6.0407296281647715,7.431769969492161
16,2025,3,Mar2025,$ / BU,6.772565116019553,1,6.077044945355858,7.468085286683248
16,2025,4,Apr2025,$ / BU,6.808880433210639,1,6.113360262546944,7.504400603874334
16,2025,5,May2025,$ / BU,6.845195750401725,1,6.14967557973803,7.54071592106542
16,2025,6,Jun2025,$ / BU,6.881511067592811,1,6.185990896929116,7.577031238256506
16,2025,7,Jul2025,$ / BU,6.917826384783897,1,6.222306214120202,7.613346555447592
16,2025,8,Aug2025,$ / BU,6.954141701974983,1,6.258621531311288,7.649661872638678
16,2025,9,Sep2025,$ / BU,6.99045701916607,1,6.294936848502375,7.685977189829765
16,2025,10,Oct2025,$ / BU,7.026772336357156,1,6.331252165693461,7.722292507020851
16,2025,11,Nov2025,$ / BU,7.063087653548242,1,6.367567482884547,7.7586078242119365
16,2025,12,Dec2025,$ / BU,7.099402970739328,1,6.403882800075633,7.7949231414030224
16,2026,1,Jan2026,$ / BU,7.135718287930414,1,6.4401981172667195,7.831238458594109
16,2026,2,Feb2026,$ / BU,7.1720336051215,1,6.4765134344578055,7.867553775785195
16,2026,3,Mar2026,$ / BU,7.208348922312586,1,6.512828751648891,7.903869092976281
16,2026,4,Apr2026,$ / BU,7.244664239503672,1,6.549144068839977,7.940184410167367
16,2026,5,May2026,$ / BU,7.280979556694758,1,6.585459386031063,7.976499727358453
16,2026,6,Jun2026,$ / BU,7.317294873885844,1,6.621774703222149,8.012815044549539
16,2026,7,Jul2026,$ / BU,7.353610191076931,1,6.658090020413236,8.049130361740625
16,2026,8,Aug2026,$ / BU,7.389925508268017,1,6.694405337604322,8.08544567893171
16,2026,9,Sep2026,$ / BU,7.426240825459103,1,6.730720654795408,8.121760996122797
16,2026,10,Oct2026,$ / BU,7.46255614265019,1,6.767035971986495,8.158076313313884
16,2026,11,Nov2026,$ / BU,7.498871459841276,1,6.803351289177581,8.19439163050497
16,2026,12,Dec2026,$ / BU,7.5351867770323615,1,6.839666606368667,8.230706947696056
27,2012,4,Apr2012,$ / BU,5.03,0,,
27,2013,5,May2013,$ / BU,7.04,0,,
27,2013,7,Jul2013,$ / BU,5.74,0,,
27,2013,8,Aug2013,$ / BU,6.36,0,,
27,2013,9,Sep2013,$ / BU,6.18,0,,
27,2014,1,Jan2014,$ / BU,6.75,0,,
27,2014,2,Feb2014,$ / BU,6.32,0,,
27,2014,4,Apr2014,$ / BU,5.5,0,,
27,2014,6,Jun2014,$ / BU,5.95,0,,
27,2014,7,Jul2014,$ / BU,5.21,0,,
27,2014,8,Aug2014,$ / BU,5.71,0,,
27,2014,9,Sep2014,$ / BU,4.97,0,,
27,2014,10,Oct2014,$ / BU,4.93,0,,
27,2014,11,Nov2014,$ / BU,5.38,0,,
27,2014,12,Dec2014,$ / BU,5.45,0,,
27,2015,1,Jan2015,$ / BU,5.67,0,,
27,2015,2,Feb2015,$ / BU,5.43,0,,
27,2015,3,Mar2015,$ / BU,5.24,0,,
27,2015,4,Apr2015,$ / BU,5.45,0,,
27,2015,5,May2015,$ / BU,4.97,0,,
27,2015,6,Jun2015,$ / BU,5.33,0,,
27,2015,7,Jul2015,$ / BU,5.33,0,,
27,2015,8,Aug2015,$ / BU,5.58,0,,
27,2015,9,Sep2015,$ / BU,5.36,0,,
27,2015,10,Oct2015,$ / BU,4.93,0,,
27,2015,11,Nov2015,$ / BU,5.28,0,,
27,2015,12,Dec2015,$ / BU,5.22,0,,
27,2016,1,Jan2016,$ / BU,4.99,0,,
27,2016,2,Feb2016,$ / BU,4.94,0,,
27,2016,3,Mar2016,$ / BU,5.76,0,,
27,2016,4,Apr2016,$ / BU,5.26,0,,
27,2016,5,May2016,$ / BU,4.26,0,,
27,2016,6,Jun2016,$ / BU,5.17,0,,
27,2016,8,Aug2016,$ / BU,2.94,0,,
27,2016,9,Sep2016,$ / BU,3.56,0,,
27,2016,10,Oct2016,$ / BU,4.16,0,,
27,2016,12,Dec2016,$ / BU,4.14,0,,
27,2017,1,Jan2017,$ / BU,4.37,0,,
27,2017,2,Feb2017,$ / BU,4.22,0,,
27,2017,3,Mar2017,$ / BU,4.1,0,,
27,2017,4,Apr2017,$ / BU,3.94,0,,
27,2017,6,Jun2017,$ / BU,4.37,0,,
27,2017,7,Jul2017,$ / BU,4.2,0,,
27,2017,8,Aug2017,$ / BU,4.11,0,,
27,2017,11,Nov2017,$ / BU,4.43,0,,
27,2017,12,Dec2017,$ / BU,4.32,0,,
27,2018,1,Jan2018,$ / BU,4.39,0,,
27,2018,2,Feb2018,$ / BU,4.39,0,,
27,2018,3,Mar2018,$ / BU,4.44,0,,
27,2018,4,Apr2018,$ / BU,4.12,0,,
27,2018,5,May2018,$ / BU,4.08,0,,
27,2018,7,Jul2018,$ / BU,4.03,0,,
27,2018,8,Aug2018,$ / BU,4.15,0,,
27,2018,9,Sep2018,$ / BU,4.21,0,,
27,2019,2,Feb2019,$ / BU,4.46,0,,
27,2019,3,Mar2019,$ / BU,4.41,0,,
27,2019,8,Aug2019,$ / BU,4.48,0,,
27,2019,9,Sep2019,$ / BU,4.35,0,,
27,2019,11,Nov2019,$ / BU,4.47,0,,
27,2020,1,Jan2020,$ / BU,4.3,0,,
27,2020,7,Jul2020,$ / BU,4.34,0,,
27,2020,8,Aug2020,$ / BU,4.4,0,,
27,2020,10,Oct2020,$ / BU,4.26,0,,
27,2021,1,Jan2021,$ / BU,4.31,0,,
27,2021,2,Feb2021,$ / BU,4.25,0,,
27,2021,3,Mar2021,$ / BU,4.22,0,,
27,2021,4,Apr2021,$ / BU,4.31,0,,
27,2021,5,May2021,$ / BU,4.57,0,,
27,2021,6,Jun2021,$ / BU,5.08,0,,
27,2021,7,Jul2021,$ / BU,4.63,0,,
27,2021,8,Aug2021,$ / BU,5.0,0,,
27,2021,9,Sep2021,$ / BU,5.25,0,,
27,2021,12,Dec2021,$ / BU,5.31,0,,
27,2022,1,Jan2022,$ / BU,5.448126908281281,1,4.802852392644491,6.0934014239180705
27,2022,2,Feb2022,$ / BU,5.537289839394473,1,4.8920153237576836,6.182564355031263
27,2022,3,Mar2022,$ / BU,5.626452770507667,1,4.981178254870877,6.271727286144457
27,2022,4,Apr2022,$ / BU,5.71561570162086,1,5.07034118598407,6.36089021725765
27,2022,5,May2022,$ / BU,5.8047786327340525,1,5.159504117097263,6.450053148370842
27,2022,6,Jun2022,$ / BU,5.893941563847245,1,5.248667048210455,6.539216079484035
27,2022,7,Jul2022,$ / BU,5.983104494960439,1,5.337829979323649,6.628379010597229
27,2022,8,Aug2022,$ / BU,6.072267426073632,1,5.426992910436842,6.717541941710421
27,2022,9,Sep2022,$ / BU,6.161430357186824,1,5.5161558415500345,6.806704872823614
27,2022,10,Oct2022,$ / BU,6.250593288300017,1,5.605318772663227,6.895867803936807
27,2022,11,Nov2022,$ / BU,6.339756219413211,1,5.694481703776421,6.9850307350500005
27,2022,12,Dec2022,$ / BU,6.428919150526403,1,5.783644634889614,7.074193666163193
27,2023,1,Jan2023,$ / BU,6.518082081639596,1,5.872807566002806,7.163356597276386
27,2023,2,Feb2023,$ / BU,6.607245012752789,1,5.961970497115999,7.252519528389579
27,2023,3,Mar2023,$ / BU,6.696407943865982,1,6.051133428229192,7.341682459502771
27,2023,4,Apr2023,$ / BU,6.785570874979175,1,6.140296359342385,7.430845390615965
27,2023,5,May2023,$ / BU,6.874733806092368,1,6.229459290455578,7.520008321729158
27,2023,6,Jun2023,$ / BU,6.963896737205561,1,6.318622221568771,7.6091712528423505
27,2023,7,Jul2023,$ / BU,7.053059668318754,1,6.4077851526819645,7.698334183955544
27,2023,8,Aug2023,$ / BU,7.142222599431947,1,6.496948083795157,7.787497115068737
27,2023,9,Sep2023,$ / BU,7.23138553054514,1,6.58611101490835,7.87666004618193
27,2023,10,Oct2023,$ / BU,7.3205484616583325,1,6.675273946021543,7.965822977295122
27,2023,11,Nov2023,$ / BU,7.409711392771525,1,6.764436877134735,8.054985908408316
27,2023,12,Dec2023,$ / BU,7.498874323884719,1,6.853599808247929,8.14414883952151
27,2024,1,Jan2024,$ / BU,7.588037254997912,1,6.942762739361122,8.233311770634701
27,2024,2,Feb2024,$ / BU,7.677200186111104,1,7.0319256704743145,8.322474701747895
27,2024,3,Mar2024,$ / BU,7.766363117224298,1,7.121088601587508,8.411637632861089
27,2024,4,Apr2024,$ / BU,7.85552604833749,1,7.2102515327007,8.50080056397428
27,2024,5,May2024,$ / BU,7.944688979450683,1,7.299414463813894,8.589963495087474
27,2024,6,Jun2024,$ / BU,8.033851910563875,1,7.388577394927085,8.679126426200666
27,2024,7,Jul2024,$ / BU,8.123014841677069,1,7.477740326040279,8.76828935731386
27,2024,8,Aug2024,$ / BU,8.212177772790263,1,7.566903257153473,8.857452288427053
27,2024,9,Sep2024,$ / BU,8.301340703903454,1,7.6560661882666645,8.946615219540245
27,2024,10,Oct2024,$ / BU,8.390503635016648,1,7.745229119379858,9.035778150653439
27,2024,11,Nov2024,$ / BU,8.47966656612984,1,7.83439205049305,9.12494108176663
27,2024,12,Dec2024,$ / BU,8.568829497243033,1,7.923554981606244,9.214104012879824
27,2025,1,Jan2025,$ / BU,8.657992428356227,1,8.012717912719436,9.303266943993018
27,2025,2,Feb2025,$ / BU,8.74715535946942,1,8.10188084383263,9.392429875106211
27,2025,3,Mar2025,$ / BU,8.836318290582613,1,8.191043774945822,9.481592806219403
27,2025,4,Apr2025,$ / BU,8.925481221695806,1,8.280206706059015,9.570755737332597
27,2025,5,May2025,$ / BU,9.014644152808998,1,8.369369637172207,9.659918668445789
27,2025,6,Jun2025,$ / BU,9.103807083922192,1,8.458532568285401,9.749081599558982
27,2025,7,Jul2025,$ / BU,9.192970015035385,1,8.547695499398595,9.838244530672176
27,2025,8,Aug2025,$ / BU,9.282132946148577,1,8.636858430511786,9.927407461785368
27,2025,9,Sep2025,$ / BU,9.37129587726177,1,8.72602136162498,10.016570392898561
27,2025,10,Oct2025,$ / BU,9.460458808374963,1,8.815184292738172,10.105733324011753
27,2025,11,Nov2025,$ / BU,9.549621739488156,1,8.904347223851365,10.194896255124947
27,2025,12,Dec2025,$ / BU,9.63878467060135,1,8.993510154964559,10.28405918623814
27,2026,1,Jan2026,$ / BU,9.727947601714542,1,9.082673086077751,10.373222117351332
27,2026,2,Feb2026,$ / BU,9.817110532827735,1,9.171836017190945,10.462385048464526
27,2026,3,Mar2026,$ / BU,9.906273463940927,1,9.260998948304136,10.551547979577718
27,2026,4,Apr2026,$ / BU,9.99543639505412,1,9.35016187941733,10.640710910690911
27,2026,5,May2026,$ / BU,10.084599326167314,1,9.439324810530524,10.729873841804105
27,2026,6,Jun2026,$ / BU,10.173762257280508,1,9.528487741643717,10.819036772917299
27,2026,7,Jul2026,$ / BU,10.2629251883937,1,9.617650672756909,10.90819970403049
27,2026,8,Aug2026,$ / BU,10.352088119506892,1,9.706813603870101,10.997362635143682
27,2026,9,Sep2026,$ / BU,10.441251050620085,1,9.795976534983295,11.086525566256876
27,2026,10,Oct2026,$ / BU,10.530413981733279,1,9.885139466096488,11.17568849737007
27,2026,11,Nov2026,$ / BU,10.619576912846473,1,9.974302397209682,11.264851428483263
27,2026,12,Dec2026,$ / BU,10.708739843959664,1,10.063465328322874,11.354014359596455
30,2012,1,Jan2012,$ / BU,5.12,0,,
30,2012,2,Feb2012,$ / BU,5.04,0,,
30,2012,3,Mar2012,$ / BU,5.51,0,,
30,2012,4,Apr2012,$ / BU,6.02,0,,
30,2012,5,May2012,$ / BU,5.51,0,,
30,2012,6,Jun2012,$ / BU,5.77,0,,
30,2012,7,Jul2012,$ / BU,6.21,0,,
30,2012,8,Aug2012,$ / BU,6.55,0,,
30,2012,9,Sep2012,$ / BU,6.43,0,,
30,2012,10,Oct2012,$ / BU,6.48,0,,
30,2012,11,Nov2012,$ / BU,6.48,0,,
30,2012,12,Dec2012,$ / BU,6.29,0,,
30,2013,1,Jan2013,$ / BU,6.52,0,,
30,2013,2,Feb2013,$ / BU,6.49,0,,
30,2013,3,Mar2013,$ / BU,6.34,0,,
30,2013,4,Apr2013,$ / BU,6.32,0,,
30,2013,5,May2013,$ / BU,6.46,0,,
30,2013,6,Jun2013,$ / BU,6.31,0,,
30,2013,7,Jul2013,$ / BU,6.38,0,,
30,2013,8,Aug2013,$ / BU,6.68,0,,
30,2013,9,Sep2013,$ / BU,6.25,0,,
30,2013,10,Oct2013,$ / BU,6.35,0,,
30,2013,11,Nov2013,$ / BU,6.23,0,,
30,2013,12,Dec2013,$ / BU,6.17,0,,
30,2014,1,Jan2014,$ / BU,6.49,0,,
30,2014,2,Feb2014,$ / BU,6.38,0,,
30,2014,3,Mar2014,$ / BU,6.14,0,,
30,2014,4,Apr2014,$ / BU,5.82,0,,
30,2014,5,May2014,$ / BU,5.62,0,,
30,2014,6,Jun2014,$ / BU,5.95,0,,
30,2014,7,Jul2014,$ / BU,5.53,0,,
30,2014,8,Aug2014,$ / BU,6.02,0,,
30,2014,9,Sep2014,$ / BU,5.36,0,,
30,2014,10,Oct2014,$ / BU,5.54,0,,
30,2014,11,Nov2014,$ / BU,4.98,0,,
30,2014,12,Dec2014,$ / BU,4.9,0,,
30,2015,1,Jan2015,$ / BU,4.6,0,,
30,2015,2,Feb2015,$ / BU,5.05,0,,
30,2015,3,Mar2015,$ / BU,4.65,0,,
30,2015,4,Apr2015,$ / BU,5.07,0,,
30,2015,5,May2015,$ / BU,4.45,0,,
30,2015,6,Jun2015,$ / BU,4.82,0,,
30,2015,7,Jul2015,$ / BU,5.31,0,,
30,2015,8,Aug2015,$ / BU,5.78,0,,
30,2015,9,Sep2015,$ / BU,6.19,0,,
30,2015,10,Oct2015,$ / BU,5.85,0,,
30,2015,11,Nov2015,$ / BU,5.86,0,,
30,2015,12,Dec2015,$ / BU,6.06,0,,
30,2016,1,Jan2016,$ / BU,5.88,0,,
30,2016,2,Feb2016,$ / BU,5.97,0,,
30,2016,3,Mar2016,$ / BU,5.4,0,,
30,2016,4,Apr2016,$ / BU,5.22,0,,
30,2016,6,Jun2016,$ / BU,4.37,0,,
30,2016,7,Jul2016,$ / BU,5.22,0,,
30,2016,8,Aug2016,$ / BU,5.28,0,,
30,2016,9,Sep2016,$ / BU,5.16,0,,
30,2016,10,Oct2016,$ / BU,5.26,0,,
30,2016,11,Nov2016,$ / BU,4.93,0,,
30,2016,12,Dec2016,$ / BU,5.19,0,,
30,2017,1,Jan2017,$ / BU,5.1,0,,
30,2017,2,Feb2017,$ / BU,5.15,0,,
30,2017,3,Mar2017,$ / BU,5.01,0,,
30,2017,4,Apr2017,$ / BU,5.15,0,,
30,2017,5,May2017,$ / BU,5.01,0,,
30,2017,6,Jun2017,$ / BU,4.19,0,,
30,2017,7,Jul2017,$ / BU,4.48,0,,
30,2017,8,Aug2017,$ / BU,4.63,0,,
30,2017,9,Sep2017,$ / BU,4.02,0,,
30,2017,10,Oct2017,$ / BU,3.8,0,,
30,2017,11,Nov2017,$ / BU,4.27,0,,
30,2017,12,Dec2017,$ / BU,4.21,0,,
30,2018,1,Jan2018,$ / BU,4.34,0,,
30,2018,2,Feb2018,$ / BU,4.05,0,,
30,2018,3,Mar2018,$ / BU,4.49,0,,
30,2018,4,Apr2018,$ / BU,4.32,0,,
30,2018,5,May2018,$ / BU,4.51,0,,
30,2018,6,Jun2018,$ / BU,3.94,0,,
30,2018,7,Jul2018,$ / BU,3.59,0,,
30,2018,8,Aug2018,$ / BU,4.53,0,,
30,2018,9,Sep2018,$ / BU,4.89,0,,
30,2018,10,Oct2018,$ / BU,4.17,0,,
30,2018,11,Nov2018,$ / BU,4.94,0,,
30,2018,12,Dec2018,$ / BU,4.62,0,,
30,2019,1,Jan2019,$ / BU,4.48,0,,
30,2019,2,Feb2019,$ / BU,4.4,0,,
30,2019,3,Mar2019,$ / BU,4.65,0,,
30,2019,4,Apr2019,$ / BU,4.67,0,,
30,2019,6,Jun2019,$ / BU,4.21,0,,
30,2019,7,Jul2019,$ / BU,3.55,0,,
30,2019,8,Aug2019,$ / BU,4.78,0,,
30,2019,9,Sep2019,$ / BU,4.29,0,,
30,2019,10,Oct2019,$ / BU,4.43,0,,
30,2019,11,Nov2019,$ / BU,4.38,0,,
30,2019,12,Dec2019,$ / BU,4.26,0,,
30,2020,1,Jan2020,$ / BU,4.54,0,,
30,2020,2,Feb2020,$ / BU,4.21,0,,
30,2020,3,Mar2020,$ / BU,4.66,0,,
30,2020,4,Apr2020,$ / BU,3.95,0,,
30,2020,5,May2020,$ / BU,3.77,0,,
30,2020,6,Jun2020,$ / BU,3.71,0,,
30,2020,7,Jul2020,$ / BU,3.9,0,,
30,2020,8,Aug2020,$ / BU,4.45,0,,
30,2020,9,Sep2020,$ / BU,4.35,0,,
30,2020,10,Oct2020,$ / BU,4.49,0,,
30,2020,11,Nov2020,$ / BU,4.52,0,,
30,2020,12,Dec2020,$ / BU,4.35,0,,
30,2021,1,Jan2021,$ / BU,4.3,0,,
30,2021,2,Feb2021,$ / BU,4.68,0,,
30,2021,3,Mar2021,$ / BU,4.5,0,,
30,2021,4,Apr2021,$ / BU,4.11,0,,
30,2021,5,May2021,$ / BU,4.35,0,,
30,2021,6,Jun2021,$ / BU,4.39,0,,
30,2021,7,Jul2021,$ / BU,4.7,0,,
30,2021,9,Sep2021,$ / BU,5.38,0,,
30,2021,10,Oct2021,$ / BU,5.24,0,,
30,2021,11,Nov2021,$ / BU,5.09,0,,
30,2021,12,Dec2021,$ / BU,5.58,0,,
30,2022,1,Jan2022,$ / BU,6.15,0,,
30,2022,2,Feb2022,$ / BU,6.67,0,,
30,2022,3,Mar2022,$ / BU,6.704533027308339,1,5.975524070558242,7.4335419840584365
30,2022,4,Apr2022,$ / BU,6.960176826376264,1,6.231167869626167,7.689185783126361
30,2022,5,May2022,$ / BU,7.215820625444189,1,6.4868116686940915,7.944829582194286
30,2022,6,Jun2022,$ / BU,7.471464424512114,1,6.742455467762016,8.20047338126221
30,2022,7,Jul2022,$ / BU,7.727108223580038,1,6.998099266829941,8.456117180330136
30,2022,8,Aug2022,$ / BU,7.982752022647963,1,7.253743065897866,8.71176097939806
30,2022,9,Sep2022,$ / BU,8.238395821715887,1,7.50938686496579,8.967404778465983
30,2022,10,Oct2022,$ / BU,8.494039620783813,1,7.7650306640337154,9.223048577533909
30,2022,11,Nov2022,$ / BU,8.749683419851738,1,8.020674463101642,9.478692376601835
30,2022,12,Dec2022,$ / BU,9.005327218919662,1,8.276318262169566,9.734336175669759
30,2023,1,Jan2023,$ / BU,9.260971017987586,1,8.53196206123749,9.989979974737683
30,2023,2,Feb2023,$ / BU,9.516614817055512,1,8.787605860305415,10.245623773805608
30,2023,3,Mar2023,$ / BU,9.772258616123437,1,9.043249659373341,10.501267572873534
30,2023,4,Apr2023,$ / BU,10.027902415191361,1,9.298893458441265,10.756911371941458
30,2023,5,May2023,$ / BU,10.283546214259285,1,9.554537257509189,11.012555171009382
30,2023,6,Jun2023,$ / BU,10.539190013327211,1,9.810181056577115,11.268198970077307
30,2023,7,Jul2023,$ / BU,10.794833812395137,1,10.06582485564504,11.523842769145233
30,2023,8,Aug2023,$ / BU,11.05047761146306,1,10.321468654712964,11.779486568213157
30,2023,9,Sep2023,$ / BU,11.306121410530984,1,10.577112453780888,12.03513036728108
30,2023,10,Oct2023,$ / BU,11.56176520959891,1,10.832756252848814,12.290774166349006
30,2023,11,Nov2023,$ / BU,11.817409008666836,1,11.08840005191674,12.546417965416932
30,2023,12,Dec2023,$ / BU,12.07305280773476,1,11.344043850984663,12.802061764484856
30,2024,1,Jan2024,$ / BU,12.328696606802684,1,11.599687650052587,13.05770556355278
30,2024,2,Feb2024,$ / BU,12.58434040587061,1,11.855331449120513,13.313349362620706
30,2024,3,Mar2024,$ / BU,12.839984204938535,1,12.110975248188439,13.568993161688631
30,2024,4,Apr2024,$ / BU,13.095628004006459,1,12.366619047256362,13.824636960756555
30,2024,5,May2024,$ / BU,13.351271803074383,1,12.622262846324286,14.080280759824479
30,2024,6,Jun2024,$ / BU,13.606915602142308,1,12.877906645392212,14.335924558892405
30,2024,7,Jul2024,$ / BU,13.862559401210234,1,13.133550444460138,14.59156835796033
30,2024,8,Aug2024,$ / BU,14.118203200278158,1,13.389194243528062,14.847212157028254
30,2024,9,Sep2024,$ / BU,14.373846999346082,1,13.644838042595985,15.102855956096178
30,2024,10,Oct2024,$ / BU,14.629490798414007,1,13.900481841663911,15.358499755164104
30,2024,11,Nov2024,$ / BU,14.885134597481933,1,14.156125640731837,15.61414355423203
30,2024,12,Dec2024,$ / BU,15.140778396549857,1,14.41176943979976,15.869787353299953
30,2025,1,Jan2025,$ / BU,15.396422195617781,1,14.667413238867685,16.125431152367877
30,2025,2,Feb2025,$ / BU,15.652065994685707,1,14.92305703793561,16.381074951435803
30,2025,3,Mar2025,$ / BU,15.907709793753632,1,15.178700837003536,16.63671875050373
30,2025,4,Apr2025,$ / BU,16.163353592821558,1,15.434344636071462,16.892362549571654
30,2025,5,May2025,$ / BU,16.41899739188948,1,15.689988435139384,17.148006348639576
30,2025,6,Jun2025,$ / BU,16.674641190957406,1,15.94563223420731,17.403650147707502
30,2025,7,Jul2025,$ / BU,16.93028499002533,1,16.201276033275235,17.659293946775428
30,2025,8,Aug2025,$ / BU,17.185928789093253,1,16.456919832343157,17.91493774584335
30,2025,9,Sep2025,$ / BU,17.44157258816118,1,16.712563631411083,18.170581544911276
30,2025,10,Oct2025,$ / BU,17.697216387229105,1,16.96820743047901,18.4262253439792
30,2025,11,Nov2025,$ / BU,17.95286018629703,1,17.223851229546934,18.681869143047127
30,2025,12,Dec2025,$ / BU,18.208503985364956,1,17.47949502861486,18.937512942115053
30,2026,1,Jan2026,$ / BU,18.46414778443288,1,17.735138827682782,19.193156741182975
30,2026,2,Feb2026,$ / BU,18.719791583500804,1,17.990782626750708,19.4488005402509
30,2026,3,Mar2026,$ / BU,18.97543538256873,1,18.246426425818633,19.704444339318826
30,2026,4,Apr2026,$ / BU,19.23107918163665,1,18.502070224886555,19.960088138386748
30,2026,5,May2026,$ / BU,19.486722980704577,1,18.75771402395448,20.215731937454674
30,2026,6,Jun2026,$ / BU,19.742366779772503,1,19.013357823022407,20.4713757365226
30,2026,7,Jul2026,$ / BU,19.99801057884043,1,19.269001622090332,20.727019535590525
30,2026,8,Aug2026,$ / BU,20.253654377908354,1,19.524645421158258,20.98266333465845
30,2026,9,Sep2026,$ / BU,20.509298176976277,1,19.78028922022618,21.238307133726373
30,2026,10,Oct2026,$ / BU,20.764941976044202,1,20.035933019294106,21.4939509327943
30,2026,11,Nov2026,$ / BU,21.020585775112128,1,20.29157681836203,21.749594731862224
30,2026,12,Dec2026,$ / BU,21.27622957418005,1,20.547220617429954,22.005238530930146
38,2012,1,Jan2012,$ / BU,5.59,0,,
38,2012,2,Feb2012,$ / BU,5.63,0,,
38,2012,3,Mar2012,$ / BU,5.42,0,,
38,2012,4,Apr2012,$ / BU,5.45,0,,
38,2012,5,May2012,$ / BU,5.56,0,,
38,2012,6,Jun2012,$ / BU,5.65,0,,
38,2012,7,Jul2012,$ / BU,6.32,0,,
38,2012,8,Aug2012,$ / BU,6.62,0,,
38,2012,9,Sep2012,$ / BU,6.96,0,,
38,2012,10,Oct2012,$ / BU,6.58,0,,
38,2012,11,Nov2012,$ / BU,6.54,0,,
38,2012,12,Dec2012,$ / BU,6.47,0,,
38,2013,1,Jan2013,$ / BU,6.57,0,,
38,2013,2,Feb2013,$ / BU,6.42,0,,
38,2013,3,Mar2013,$ / BU,6.45,0,,
38,2013,4,Apr2013,$ / BU,6.39,0,,
38,2013,5,May2013,$ / BU,6.58,0,,
38,2013,6,Jun2013,$ / BU,6.43,0,,
38,2013,7,Jul2013,$ / BU,6.32,0,,
38,2013,8,Aug2013,$ / BU,5.96,0,,
38,2013,9,Sep2013,$ / BU,6.3,0,,
38,2013,10,Oct2013,$ / BU,6.18,0,,
38,2013,11,Nov2013,$ / BU,6.36,0,,
38,2013,12,Dec2013,$ / BU,6.37,0,,
38,2014,1,Jan2014,$ / BU,6.11,0,,
38,2014,2,Feb2014,$ / BU,5.87,0,,
38,2014,3,Mar2014,$ / BU,5.88,0,,
38,2014,4,Apr2014,$ / BU,5.92,0,,
38,2014,5,May2014,$ / BU,5.98,0,,
38,2014,6,Jun2014,$ / BU,5.9,0,,
38,2014,7,Jul2014,$ / BU,5.69,0,,
38,2014,8,Aug2014,$ / BU,5.32,0,,
38,2014,9,Sep2014,$ / BU,5.25,0,,
38,2014,10,Oct2014,$ / BU,5.32,0,,
38,2014,11,Nov2014,$ / BU,5.4,0,,
38,2014,12,Dec2014,$ / BU,5.31,0,,
38,2015,1,Jan2015,$ / BU,5.29,0,,
38,2015,2,Feb2015,$ / BU,5.2,0,,
38,2015,3,Mar2015,$ / BU,5.08,0,,
38,2015,4,Apr2015,$ / BU,5.09,0,,
38,2015,5,May2015,$ / BU,5.16,0,,
38,2015,6,Jun2015,$ / BU,5.4,0,,
38,2015,7,Jul2015,$ / BU,4.86,0,,
38,2015,8,Aug2015,$ / BU,4.74,0,,
38,2015,9,Sep2015,$ / BU,4.82,0,,
38,2015,10,Oct2015,$ / BU,4.83,0,,
38,2015,11,Nov2015,$ / BU,5.04,0,,
38,2015,12,Dec2015,$ / BU,5.0,0,,
38,2016,1,Jan2016,$ / BU,4.76,0,,
38,2016,2,Feb2016,$ / BU,4.79,0,,
38,2016,3,Mar2016,$ / BU,4.97,0,,
38,2016,4,Apr2016,$ / BU,4.87,0,,
38,2016,5,May2016,$ / BU,5.0,0,,
38,2016,6,Jun2016,$ / BU,5.26,0,,
38,2016,7,Jul2016,$ / BU,4.75,0,,
38,2016,8,Aug2016,$ / BU,4.04,0,,
38,2016,9,Sep2016,$ / BU,4.44,0,,
38,2016,10,Oct2016,$ / BU,4.26,0,,
38,2016,11,Nov2016,$ / BU,4.59,0,,
38,2016,12,Dec2016,$ / BU,5.1,0,,
38,2017,1,Jan2017,$ / BU,4.63,0,,
38,2017,2,Feb2017,$ / BU,4.62,0,,
38,2017,3,Mar2017,$ / BU,4.37,0,,
38,2017,4,Apr2017,$ / BU,4.24,0,,
38,2017,5,May2017,$ / BU,4.36,0,,
38,2017,6,Jun2017,$ / BU,4.35,0,,
38,2017,7,Jul2017,$ / BU,4.34,0,,
38,2017,8,Aug2017,$ / BU,4.23,0,,
38,2017,9,Sep2017,$ / BU,4.18,0,,
38,2017,10,Oct2017,$ / BU,4.43,0,,
38,2017,11,Nov2017,$ / BU,4.22,0,,
38,2017,12,Dec2017,$ / BU,4.32,0,,
38,2018,1,Jan2018,$ / BU,4.43,0,,
38,2018,2,Feb2018,$ / BU,4.44,0,,
38,2018,3,Mar2018,$ / BU,4.3,0,,
38,2018,4,Apr2018,$ / BU,4.13,0,,
38,2018,5,May2018,$ / BU,4.13,0,,
38,2018,6,Jun2018,$ / BU,4.45,0,,
38,2018,7,Jul2018,$ / BU,4.18,0,,
38,2018,8,Aug2018,$ / BU,4.15,0,,
38,2018,9,Sep2018,$ / BU,4.11,0,,
38,2018,10,Oct2018,$ / BU,4.05,0,,
38,2018,11,Nov2018,$ / BU,4.4,0,,
38,2018,12,Dec2018,$ / BU,4.26,0,,
38,2019,1,Jan2019,$ / BU,4.18,0,,
38,2019,2,Feb2019,$ / BU,4.3,0,,
38,2019,3,Mar2019,$ / BU,4.37,0,,
38,2019,4,Apr2019,$ / BU,4.29,0,,
38,2019,5,May2019,$ / BU,4.19,0,,
38,2019,6,Jun2019,$ / BU,4.45,0,,
38,2019,7,Jul2019,$ / BU,4.22,0,,
38,2019,8,Aug2019,$ / BU,4.11,0,,
38,2019,9,Sep2019,$ / BU,4.06,0,,
38,2019,10,Oct2019,$ / BU,4.27,0,,
38,2019,11,Nov2019,$ / BU,4.65,0,,
38,2019,12,Dec2019,$ / BU,4.2,0,,
38,2020,1,Jan2020,$ / BU,4.26,0,,
38,2020,2,Feb2020,$ / BU,4.16,0,,
38,2020,3,Mar2020,$ / BU,4.06,0,,
38,2020,4,Apr2020,$ / BU,4.17,0,,
38,2020,5,May2020,$ / BU,3.79,0,,
38,2020,6,Jun2020,$ / BU,3.9,0,,
38,2020,7,Jul2020,$ / BU,4.05,0,,
38,2020,8,Aug2020,$ / BU,4.05,0,,
38,2020,9,Sep2020,$ / BU,4.59,0,,
38,2020,10,Oct2020,$ / BU,4.28,0,,
38,2020,11,Nov2020,$ / BU,4.64,0,,
38,2020,12,Dec2020,$ / BU,4.85,0,,
38,2021,1,Jan2021,$ / BU,4.54,0,,
38,2021,2,Feb2021,$ / BU,4.86,0,,
38,2021,3,Mar2021,$ / BU,4.85,0,,
38,2021,4,Apr2021,$ / BU,4.73,0,,
38,2021,5,May2021,$ / BU,4.56,0,,
38,2021,6,Jun2021,$ / BU,4.95,0,,
38,2021,7,Jul2021,$ / BU,4.84,0,,
38,2021,8,Aug2021,$ / BU,5.21,0,,
38,2021,9,Sep2021,$ / BU,5.15,0,,
38,2021,10,Oct2021,$ / BU,5.69,0,,
38,2021,11,Nov2021,$ / BU,5.27,0,,
38,2021,12,Dec2021,$ / BU,5.43,0,,
38,2022,1,Jan2022,$ / BU,5.43,0,,
38,2022,2,Feb2022,$ / BU,5.47,0,,
38,2022,3,Mar2022,$ / BU,5.5530501154107625,1,5.073033240745581,6.033066990075944
38,2022,4,Apr2022,$ / BU,5.609433649468414,1,5.129416774803233,6.089450524133595
38,2022,5,May2022,$ / BU,5.665817183526066,1,5.185800308860885,6.145834058191247
38,2022,6,Jun2022,$ / BU,5.722200717583718,1,5.242183842918537,6.202217592248899
38,2022,7,Jul2022,$ / BU,5.7785842516413695,1,5.298567376976188,6.258601126306551
38,2022,8,Aug2022,$ / BU,5.834967785699022,1,5.354950911033841,6.314984660364203
38,2022,9,Sep2022,$ / BU,5.891351319756674,1,5.411334445091493,6.371368194421855
38,2022,10,Oct2022,$ / BU,5.9477348538143255,1,5.467717979149144,6.427751728479507
38,2022,11,Nov2022,$ / BU,6.004118387871977,1,5.524101513206796,6.484135262537158
38,2022,12,Dec2022,$ / BU,6.060501921929629,1,5.580485047264448,6.54051879659481
38,2023,1,Jan2023,$ / BU,6.116885455987281,1,5.6368685813221,6.596902330652462
38,2023,2,Feb2023,$ / BU,6.1732689900449325,1,5.693252115379751,6.653285864710114
38,2023,3,Mar2023,$ / BU,6.229652524102584,1,5.749635649437403,6.709669398767765
38,2023,4,Apr2023,$ / BU,6.286036058160236,1,5.806019183495055,6.766052932825417
38,2023,5,May2023,$ / BU,6.342419592217888,1,5.8624027175527065,6.822436466883069
38,2023,6,Jun2023,$ / BU,6.39880312627554,1,5.918786251610359,6.878820000940721
38,2023,7,Jul2023,$ / BU,6.455186660333192,1,5.975169785668011,6.935203534998373
38,2023,8,Aug2023,$ / BU,6.511570194390844,1,6.0315533197256626,6.991587069056025
38,2023,9,Sep2023,$ / BU,6.5679537284484955,1,6.087936853783314,7.047970603113677
38,2023,10,Oct2023,$ / BU,6.624337262506147,1,6.144320387840966,7.104354137171328
38,2023,11,Nov2023,$ / BU,6.680720796563799,1,6.200703921898618,7.16073767122898
38,2023,12,Dec2023,$ / BU,6.737104330621451,1,6.2570874559562695,7.217121205286632
38,2024,1,Jan2024,$ / BU,6.793487864679102,1,6.313470990013921,7.2735047393442835
38,2024,2,Feb2024,$ / BU,6.849871398736754,1,6.369854524071573,7.329888273401935
38,2024,3,Mar2024,$ / BU,6.906254932794406,1,6.426238058129225,7.386271807459587
38,2024,4,Apr2024,$ / BU,6.962638466852058,1,6.482621592186876,7.442655341517239
38,2024,5,May2024,$ / BU,7.019022000909709,1,6.539005126244528,7.4990388755748905
38,2024,6,Jun2024,$ / BU,7.075405534967361,1,6.59538866030218,7.555422409632542
38,2024,7,Jul2024,$ / BU,7.131789069025014,1,6.6517721943598325,7.611805943690195
38,2024,8,Aug2024,$ / BU,7.188172603082665,1,6.708155728417484,7.6681894777478465
38,2024,9,Sep2024,$ / BU,7.244556137140317,1,6.764539262475136,7.724573011805498
38,2024,10,Oct2024,$ / BU,7.300939671197969,1,6.820922796532788,7.78095654586315
38,2024,11,Nov2024,$ / BU,7.357323205255621,1,6.877306330590439,7.837340079920802
38,2024,12,Dec2024,$ / BU,7.413706739313272,1,6.933689864648091,7.8937236139784535
38,2025,1,Jan2025,$ / BU,7.470090273370924,1,6.990073398705743,7.950107148036105
38,2025,2,Feb2025,$ / BU,7.526473807428577,1,7.0464569327633955,8.006490682093759
38,2025,3,Mar2025,$ / BU,7.582857341486228,1,7.102840466821047,8.06287421615141
38,2025,4,Apr2025,$ / BU,7.63924087554388,1,7.159224000878699,8.119257750209062
38,2025,5,May2025,$ / BU,7.695624409601532,1,7.215607534936351,8.175641284266714
38,2025,6,Jun2025,$ / BU,7.7520079436591836,1,7.271991068994002,8.232024818324366
38,2025,7,Jul2025,$ / BU,7.808391477716835,1,7.328374603051654,8.288408352382017
38,2025,8,Aug2025,$ / BU,7.864775011774487,1,7.384758137109306,8.344791886439669
38,2025,9,Sep2025,$ / BU,7.921158545832139,1,7.441141671166958,8.40117542049732
38,2025,10,Oct2025,$ / BU,7.9775420798897905,1,7.497525205224609,8.457558954554973
38,2025,11,Nov2025,$ / BU,8.033925613947442,1,7.553908739282261,8.513942488612624
38,2025,12,Dec2025,$ / BU,8.090309148005094,1,7.610292273339913,8.570326022670276
38,2026,1,Jan2026,$ / BU,8.146692682062746,1,7.6666758073975645,8.626709556727928
38,2026,2,Feb2026,$ / BU,8.203076216120397,1,7.723059341455216,8.68309309078558
38,2026,3,Mar2026,$ / BU,8.25945975017805,1,7.779442875512868,8.739476624843231
38,2026,4,Apr2026,$ / BU,8.3158432842357,1,7.83582640957052,8.795860158900883
38,2026,5,May2026,$ / BU,8.372226818293353,1,7.892209943628171,8.852243692958535
38,2026,6,Jun2026,$ / BU,8.428610352351004,1,7.948593477685823,8.908627227016186
38,2026,7,Jul2026,$ / BU,8.484993886408656,1,8.004977011743474,8.965010761073838
38,2026,8,Aug2026,$ / BU,8.541377420466308,1,8.061360545801126,9.02139429513149
38,2026,9,Sep2026,$ / BU,8.59776095452396,1,8.117744079858777,9.077777829189142
38,2026,10,Oct2026,$ / BU,8.654144488581611,1,8.17412761391643,9.134161363246793
38,2026,11,Nov2026,$ / BU,8.710528022639265,1,8.230511147974083,9.190544897304447
38,2026,12,Dec2026,$ / BU,8.766911556696916,1,8.286894682031734,9.246928431362099
41,2012,1,Jan2012,$ / BU,4.06,0,,
41,2012,2,Feb2012,$ / BU,4.29,0,,
41,2012,3,Mar2012,$ / BU,4.09,0,,
41,2012,4,Apr2012,$ / BU,4.46,0,,
41,2012,5,May2012,$ / BU,4.47,0,,
41,2012,6,Jun2012,$ / BU,4.4,0,,
41,2012,7,Jul2012,$ / BU,5.2,0,,
41,2012,8,Aug2012,$ / BU,5.99,0,,
41,2012,9,Sep2012,$ / BU,6.32,0,,
41,2012,10,Oct2012,$ / BU,6.36,0,,
41,2013,8,Aug2013,$ / BU,4.39,0,,
41,2013,9,Sep2013,$ / BU,4.22,0,,
41,2013,10,Oct2013,$ / BU,3.68,0,,
41,2013,11,Nov2013,$ / BU,3.71,0,,
41,2013,12,Dec2013,$ / BU,3.95,0,,
41,2014,1,Jan2014,$ / BU,3.72,0,,
41,2014,3,Mar2014,$ / BU,3.84,0,,
41,2015,4,Apr2015,$ / BU,3.85,0,,
41,2015,8,Aug2015,$ / BU,3.34,0,,
41,2015,9,Sep2015,$ / BU,3.24,0,,
41,2016,2,Feb2016,$ / BU,2.66,0,,
41,2016,3,Mar2016,$ / BU,2.5625558259174057,1,1.9984933222688475,3.126618329565964
41,2016,4,Apr2016,$ / BU,2.4552339302131947,1,1.8911714265646364,3.019296433861753
41,2016,5,May2016,$ / BU,2.347912034508984,1,1.7838495308604259,2.9119745381575424
41,2016,6,Jun2016,$ / BU,2.240590138804773,1,1.6765276351562148,2.8046526424533313
41,2016,7,Jul2016,$ / BU,2.1332682431005625,1,1.5692057394520043,2.6973307467491208
41,2016,8,Aug2016,$ / BU,2.025946347396352,1,1.4618838437477937,2.59000885104491
41,2016,9,Sep2016,$ / BU,1.918624451692141,1,1.3545619480435827,2.482686955340699
41,2016,10,Oct2016,$ / BU,1.81130255598793,1,1.2472400523393719,2.375365059636488
41,2016,11,Nov2016,$ / BU,1.7039806602837193,1,1.139918156635161,2.2680431639322776
41,2016,12,Dec2016,$ / BU,1.5966587645795085,1,1.0325962609309502,2.160721268228067
41,2017,1,Jan2017,$ / BU,1.4893368688752977,1,0.9252743652267394,2.053399372523856
41,2017,2,Feb2017,$ / BU,1.3820149731710871,1,0.8179524695225289,1.9460774768196454
41,2017,3,Mar2017,$ / BU,1.2746930774668763,1,0.7106305738183181,1.8387555811154346
41,2017,4,Apr2017,$ / BU,1.1673711817626655,1,0.6033086781141073,1.7314336854112238
41,2017,5,May2017,$ / BU,1.0600492860584547,1,0.49598678240989647,1.624111789707013
41,2017,6,Jun2017,$ / BU,0.9527273903542439,1,0.38866488670568566,1.5167898940028022
41,2017,7,Jul2017,$ / BU,0.8454054946500331,1,0.28134299100147486,1.4094679982985914
41,2017,8,Aug2017,$ / BU,0.7380835989458223,1,0.17402109529726406,1.3021461025943806
41,2017,9,Sep2017,$ / BU,0.6307617032416117,1,0.06669919959305348,1.19482420689017
41,2017,10,Oct2017,$ / BU,0.5234398075374007,1,-0.04062269611115754,1.087502311185959
41,2017,11,Nov2017,$ / BU,0.41611791183319013,1,-0.14794459181536812,0.9801804154817484
41,2017,12,Dec2017,$ / BU,0.3087960161289791,1,-0.25526648751957914,0.8728585197775374
41,2018,1,Jan2018,$ / BU,0.20147412042476853,1,-0.3625883832237897,0.7655366240733268
41,2018,2,Feb2018,$ / BU,0.09415222472055795,1,-0.4699102789280003,0.6582147283691162
41,2018,3,Mar2018,$ / BU,-0.01316967098365307,1,-0.5772321746322113,0.5508928326649052
41,2018,4,Apr2018,$ / BU,-0.12049156668786365,1,-0.6845540703364219,0.4435709369606946
41,2018,5,May2018,$ / BU,-0.22781346239207467,1,-0.7918759660406329,0.3362490412564836
41,2018,6,Jun2018,$ / BU,-0.33513535809628525,1,-0.8991978617448435,0.228927145552273
41,2018,7,Jul2018,$ / BU,-0.4424572538004963,1,-1.0065197574490545,0.12160524984806198
41,2018,8,Aug2018,$ / BU,-0.5497791495047069,1,-1.113841653153265,0.014283354143851401
41,2018,9,Sep2018,$ / BU,-0.6571010452089179,1,-1.2211635488574761,-0.09303854156035962
41,2018,10,Oct2018,$ / BU,-0.7644229409131285,1,-1.3284854445616867,-0.2003604372645702
41,2018,11,Nov2018,$ / BU,-0.871744836617339,1,-1.4358073402658973,-0.3076823329687808
41,2018,12,Dec2018,$ / BU,-0.9790667323215501,1,-1.5431292359701083,-0.4150042286729918
41,2019,1,Jan2019,$ / BU,-1.0863886280257606,1,-1.650451131674319,-0.5223261243772024
41,2019,2,Feb2019,$ / BU,-1.1937105237299717,1,-1.75777302737853,-0.6296480200814134
41,2019,3,Mar2019,$ / BU,-1.3010324194341822,1,-1.8650949230827405,-0.736969915785624
41,2019,4,Apr2019,$ / BU,-1.4083543151383928,1,-1.972416818786951,-0.8442918114898346
41,2019,5,May2019,$ / BU,-1.5156762108426038,1,-2.079738714491162,-0.9516137071940456
41,2019,6,Jun2019,$ / BU,-1.6229981065468149,1,-2.187060610195373,-1.0589356028982566
41,2019,7,Jul2019,$ / BU,-1.730320002251025,1,-2.2943825058995833,-1.1662574986024667
41,2019,8,Aug2019,$ / BU,-1.837641897955236,1,-2.4017044016037943,-1.2735793943066778
41,2019,9,Sep2019,$ / BU,-1.944963793659447,1,-2.5090262973080053,-1.3809012900108888
41,2019,10,Oct2019,$ / BU,-2.052285689363658,1,-2.6163481930122163,-1.4882231857150998
41,2019,11,Nov2019,$ / BU,-2.159607585067868,1,-2.7236700887164265,-1.59554508141931
41,2019,12,Dec2019,$ / BU,-2.2669294807720792,1,-2.8309919844206375,-1.702866977123521
41,2020,1,Jan2020,$ / BU,-2.3742513764762903,1,-2.9383138801248485,-1.810188872827732
41,2020,2,Feb2020,$ / BU,-2.4815732721805004,1,-3.0456357758290586,-1.9175107685319421
41,2020,3,Mar2020,$ / BU,-2.5888951678847114,1,-3.1529576715332697,-2.024832664236153
41,2020,4,Apr2020,$ / BU,-2.6962170635889224,1,-3.2602795672374807,-2.132154559940364
41,2020,5,May2020,$ / BU,-2.8035389592931335,1,-3.3676014629416917,-2.239476455644575
41,2020,6,Jun2020,$ / BU,-2.9108608549973436,1,-3.474923358645902,-2.3467983513487853
41,2020,7,Jul2020,$ / BU,-3.0181827507015546,1,-3.582245254350113,-2.4541202470529964
41,2020,8,Aug2020,$ / BU,-3.1255046464057656,1,-3.689567150054324,-2.5614421427572074
41,2020,9,Sep2020,$ / BU,-3.2328265421099767,1,-3.796889045758535,-2.6687640384614184
41,2020,10,Oct2020,$ / BU,-3.340148437814187,1,-3.904210941462745,-2.7760859341656285
41,2020,11,Nov2020,$ / BU,-3.447470333518398,1,-4.011532837166956,-2.8834078298698396
41,2020,12,Dec2020,$ / BU,-3.554792229222609,1,-4.118854732871167,-2.9907297255740506
41,2021,1,Jan2021,$ / BU,-3.662114124926819,1,-4.226176628575377,-3.0980516212782607
41,2021,2,Feb2021,$ / BU,-3.76943602063103,1,-4.333498524279588,-3.2053735169824717
41,2021,3,Mar2021,$ / BU,-3.876757916335241,1,-4.440820419983799,-3.3126954126866828
41,2021,4,Apr2021,$ / BU,-3.984079812039452,1,-4.54814231568801,-3.420017308390894
41,2021,5,May2021,$ / BU,-4.091401707743662,1,-4.65546421139222,-3.527339204095104
41,2021,6,Jun2021,$ / BU,-4.198723603447873,1,-4.7627861070964315,-3.634661099799315
41,2021,7,Jul2021,$ / BU,-4.306045499152084,1,-4.8701080028006425,-3.741982995503526
41,2021,8,Aug2021,$ / BU,-4.413367394856294,1,-4.977429898504853,-3.849304891207736
41,2021,9,Sep2021,$ / BU,-4.520689290560505,1,-5.084751794209064,-3.956626786911947
41,2021,10,Oct2021,$ / BU,-4.628011186264716,1,-5.192073689913275,-4.063948682616158
41,2021,11,Nov2021,$ / BU,-4.735333081968927,1,-5.299395585617486,-4.171270578320369
41,2021,12,Dec2021,$ / BU,-4.842654977673138,1,-5.406717481321696,-4.278592474024579
41,2022,1,Jan2022,$ / BU,-4.949976873377349,1,-5.514039377025907,-4.38591436972879
41,2022,2,Feb2022,$ / BU,-5.05729876908156,1,-5.621361272730118,-4.493236265433001
41,2022,3,Mar2022,$ / BU,-5.16462066478577,1,-5.728683168434328,-4.6005581611372115
41,2022,4,Apr2022,$ / BU,-5.271942560489981,1,-5.836005064138539,-4.7078800568414225
41,2022,5,May2022,$ / BU,-5.379264456194192,1,-5.94332695984275,-4.8152019525456335
41,2022,6,Jun2022,$ / BU,-5.486586351898402,1,-6.05064885554696,-4.922523848249844
41,2022,7,Jul2022,$ / BU,-5.593908247602614,1,-6.157970751251172,-5.029845743954056
41,2022,8,Aug2022,$ / BU,-5.701230143306824,1,-6.265292646955382,-5.137167639658266
41,2022,9,Sep2022,$ / BU,-5.808552039011034,1,-6.372614542659592,-5.244489535362476
41,2022,10,Oct2022,$ / BU,-5.915873934715246,1,-6.479936438363804,-5.351811431066688
41,2022,11,Nov2022,$ / BU,-6.023195830419456,1,-6.587258334068014,-5.459133326770898
41,2022,12,Dec2022,$ / BU,-6.130517726123666,1,-6.6945802297722246,-5.566455222475108
41,2023,1,Jan2023,$ / BU,-6.237839621827878,1,-6.8019021254764365,-5.67377711817932
41,2023,2,Feb2023,$ / BU,-6.345161517532088,1,-6.909224021180647,-5.78109901388353
41,2023,3,Mar2023,$ / BU,-6.4524834132363,1,-7.0165459168848585,-5.888420909587742
41,2023,4,Apr2023,$ / BU,-6.55980530894051,1,-7.123867812589069,-5.995742805291952
41,2023,5,May2023,$ / BU,-6.6671272046447205,1,-7.231189708293279,-6.103064700996162
41,2023,6,Jun2023,$ / BU,-6.774449100348932,1,-7.338511603997491,-6.210386596700374
41,2023,7,Jul2023,$ / BU,-6.881770996053143,1,-7.445833499701701,-6.317708492404584
41,2023,8,Aug2023,$ / BU,-6.989092891757353,1,-7.553155395405911,-6.4250303881087945
41,2023,9,Sep2023,$ / BU,-7.096414787461565,1,-7.660477291110123,-6.532352283813006
41,2023,10,Oct2023,$ / BU,-7.203736683165775,1,-7.767799186814333,-6.6396741795172165
41,2023,11,Nov2023,$ / BU,-7.311058578869985,1,-7.875121082518543,-6.746996075221427
41,2023,12,Dec2023,$ / BU,-7.418380474574197,1,-7.982442978222755,-6.8543179709256385
41,2024,1,Jan2024,$ / BU,-7.525702370278407,1,-8.089764873926965,-6.961639866629849
41,2024,2,Feb2024,$ / BU,-7.633024265982617,1,-8.197086769631175,-7.068961762334059
41,2024,3,Mar2024,$ / BU,-7.740346161686829,1,-8.304408665335387,-7.176283658038271
41,2024,4,Apr2024,$ / BU,-7.847668057391039,1,-8.411730561039597,-7.283605553742481
41,2024,5,May2024,$ / BU,-7.954989953095251,1,-8.51905245674381,-7.390927449446693
41,2024,6,Jun2024,$ / BU,-8.06231184879946,1,-8.626374352448018,-7.498249345150902
41,2024,7,Jul2024,$ / BU,-8.16963374450367,1,-8.733696248152228,-7.605571240855112
41,2024,8,Aug2024,$ / BU,-8.276955640207884,1,-8.841018143856441,-7.712893136559326
41,2024,9,Sep2024,$ / BU,-8.384277535912094,1,-8.948340039560652,-7.820215032263536
41,2024,10,Oct2024,$ / BU,-8.491599431616304,1,-9.055661935264862,-7.927536927967746
41,2024,11,Nov2024,$ / BU,-8.598921327320515,1,-9.162983830969072,-8.034858823671957
41,2024,12,Dec2024,$ / BU,-8.706243223024725,1,-9.270305726673282,-8.142180719376167
41,2025,1,Jan2025,$ / BU,-8.813565118728935,1,-9.377627622377492,-8.249502615080377
41,2025,2,Feb2025,$ / BU,-8.920887014433148,1,-9.484949518081706,-8.356824510784591
41,2025,3,Mar2025,$ / BU,-9.028208910137359,1,-9.592271413785916,-8.464146406488801
41,2025,4,Apr2025,$ / BU,-9.135530805841569,1,-9.699593309490126,-8.571468302193011
41,2025,5,May2025,$ / BU,-9.242852701545779,1,-9.806915205194336,-8.678790197897222
41,2025,6,Jun2025,$ / BU,-9.350174597249989,1,-9.914237100898546,-8.786112093601432
41,2025,7,Jul2025,$ / BU,-9.457496492954203,1,-10.02155899660276,-8.893433989305645
41,2025,8,Aug2025,$ / BU,-9.564818388658413,1,-10.12888089230697,-9.000755885009855
41,2025,9,Sep2025,$ / BU,-9.672140284362623,1,-10.23620278801118,-9.108077780714066
41,2025,10,Oct2025,$ / BU,-9.779462180066833,1,-10.34352468371539,-9.215399676418276
41,2025,11,Nov2025,$ / BU,-9.886784075771043,1,-10.4508465794196,-9.322721572122486
41,2025,12,Dec2025,$ / BU,-9.994105971475253,1,-10.55816847512381,-9.430043467826696
41,2026,1,Jan2026,$ / BU,-10.101427867179467,1,-10.665490370828024,-9.53736536353091
41,2026,2,Feb2026,$ / BU,-10.208749762883677,1,-10.772812266532235,-9.64468725923512
41,2026,3,Mar2026,$ / BU,-10.316071658587887,1,-10.880134162236445,-9.75200915493933
41,2026,4,Apr2026,$ / BU,-10.423393554292097,1,-10.987456057940655,-9.85933105064354
41,2026,5,May2026,$ / BU,-10.530715449996308,1,-11.094777953644865,-9.96665294634775
41,2026,6,Jun2026,$ / BU,-10.638037345700521,1,-11.202099849349079,-10.073974842051964
41,2026,7,Jul2026,$ / BU,-10.745359241404731,1,-11.309421745053289,-10.181296737756174
41,2026,8,Aug2026,$ / BU,-10.852681137108942,1,-11.416743640757499,-10.288618633460384
41,2026,9,Sep2026,$ / BU,-10.960003032813152,1,-11.524065536461709,-10.395940529164594
41,2026,10,Oct2026,$ / BU,-11.067324928517362,1,-11.63138743216592,-10.503262424868804
41,2026,11,Nov2026,$ / BU,-11.174646824221572,1,-11.73870932787013,-10.610584320573015
41,2026,12,Dec2026,$ / BU,-11.281968719925786,1,-11.846031223574343,-10.717906216277228
49,2012,2,Feb2012,$ / BU,5.19,0,,
49,2012,4,Apr2012,$ / BU,5.22,0,,
49,2012,6,Jun2012,$ / BU,5.15,0,,
49,2012,7,Jul2012,$ / BU,5.79,0,,
49,2012,8,Aug2012,$ / BU,5.96,0,,
49,2012,9,Sep2012,$ / BU,5.91,0,,
49,2012,10,Oct2012,$ / BU,5.8,0,,
49,2012,11,Nov2012,$ / BU,5.95,0,,
49,2013,1,Jan2013,$ / BU,5.73,0,,
49,2013,3,Mar2013,$ / BU,5.68,0,,
49,2013,5,May2013,$ / BU,5.8,0,,
49,2013,6,Jun2013,$ / BU,5.76,0,,
49,2013,8,Aug2013,$ / BU,4.32,0,,
49,2013,10,Oct2013,$ / BU,3.91,0,,
49,2013,12,Dec2013,$ / BU,3.84,0,,
49,2014,2,Feb2014,$ / BU,3.88,0,,
49,2014,3,Mar2014,$ / BU,4.08,0,,
49,2014,4,Apr2014,$ / BU,4.11,0,,
49,2014,5,May2014,$ / BU,4.08,0,,
49,2014,6,Jun2014,$ / BU,5.18,0,,
49,2014,7,Jul2014,$ / BU,3.87,0,,
49,2014,8,Aug2014,$ / BU,3.55,0,,
49,2015,7,Jul2015,$ / BU,2.84,0,,
49,2015,12,Dec2015,$ / BU,3.56,0,,
49,2016,1,Jan2016,$ / BU,3.48,0,,
49,2016,2,Feb2016,$ / BU,3.571965675069742,1,2.8763889973043213,4.267542352835163
49,2016,3,Mar2016,$ / BU,3.6336601319822637,1,2.938083454216843,4.329236809747684
49,2016,4,Apr2016,$ / BU,3.695354588894786,1,2.999777911129365,4.390931266660206
49,2016,5,May2016,$ / BU,3.7570490458073076,1,3.061472368041887,4.452625723572728
49,2016,6,Jun2016,$ / BU,3.8187435027198298,1,3.123166824954409,4.51432018048525
49,2016,7,Jul2016,$ / BU,3.880437959632352,1,3.1848612818669313,4.576014637397773
49,2016,8,Aug2016,$ / BU,3.9421324165448737,1,3.246555738779453,4.637709094310294
49,2016,9,Sep2016,$ / BU,4.003826873457395,1,3.3082501956919748,4.699403551222816
49,2016,10,Oct2016,$ / BU,4.065521330369918,1,3.369944652604497,4.761098008135338
49,2016,11,Nov2016,$ / BU,4.12721578728244,1,3.431639109517019,4.82279246504786
49,2016,12,Dec2016,$ / BU,4.188910244194962,1,3.4933335664295413,4.884486921960383
49,2017,1,Jan2017,$ / BU,4.250604701107484,1,3.5550280233420635,4.946181378872905
49,2017,2,Feb2017,$ / BU,4.312299158020005,1,3.6167224802545848,5.007875835785426
49,2017,3,Mar2017,$ / BU,4.373993614932528,1,3.678416937167107,5.069570292697948
49,2017,4,Apr2017,$ / BU,4.43568807184505,1,3.740111394079629,5.13126474961047
49,2017,5,May2017,$ / BU,4.497382528757572,1,3.8018058509921513,5.192959206522993
49,2017,6,Jun2017,$ / BU,4.559076985670094,1,3.8635003079046735,5.254653663435515
49,2017,7,Jul2017,$ / BU,4.620771442582615,1,3.9251947648171948,5.316348120348036
49,2017,8,Aug2017,$ / BU,4.682465899495138,1,3.986889221729717,5.378042577260558
49,2017,9,Sep2017,$ / BU,4.74416035640766,1,4.048583678642239,5.43973703417308
49,2017,10,Oct2017,$ / BU,4.805854813320182,1,4.110278135554761,5.501431491085603
49,2017,11,Nov2017,$ / BU,4.867549270232704,1,4.1719725924672835,5.563125947998125
49,2017,12,Dec2017,$ / BU,4.929243727145225,1,4.233667049379805,5.624820404910646
49,2018,1,Jan2018,$ / BU,4.990938184057748,1,4.295361506292327,5.686514861823168
49,2018,2,Feb2018,$ / BU,5.05263264097027,1,4.357055963204849,5.74820931873569
49,2018,3,Mar2018,$ / BU,5.114327097882792,1,4.418750420117371,5.809903775648213
49,2018,4,Apr2018,$ / BU,5.176021554795314,1,4.4804448770298935,5.871598232560735
49,2018,5,May2018,$ / BU,5.237716011707835,1,4.542139333942415,5.933292689473256
49,2018,6,Jun2018,$ / BU,5.299410468620358,1,4.603833790854937,5.994987146385778
49,2018,7,Jul2018,$ / BU,5.36110492553288,1,4.665528247767459,6.0566816032983
49,2018,8,Aug2018,$ / BU,5.422799382445402,1,4.727222704679981,6.118376060210823
49,2018,9,Sep2018,$ / BU,5.484493839357924,1,4.7889171615925035,6.180070517123345
49,2018,10,Oct2018,$ / BU,5.546188296270445,1,4.850611618505025,6.241764974035866
49,2018,11,Nov2018,$ / BU,5.6078827531829685,1,4.912306075417548,6.303459430948389
49,2018,12,Dec2018,$ / BU,5.66957721009549,1,4.974000532330069,6.36515388786091
49,2019,1,Jan2019,$ / BU,5.731271667008012,1,5.035694989242591,6.426848344773433
49,2019,2,Feb2019,$ / BU,5.792966123920534,1,5.0973894461551135,6.488542801685955
49,2019,3,Mar2019,$ / BU,5.854660580833055,1,5.159083903067635,6.550237258598476
49,2019,4,Apr2019,$ / BU,5.9163550377455785,1,5.220778359980158,6.611931715510999
49,2019,5,May2019,$ / BU,5.9780494946581,1,5.282472816892679,6.67362617242352
49,2019,6,Jun2019,$ / BU,6.039743951570622,1,5.344167273805201,6.735320629336043
49,2019,7,Jul2019,$ / BU,6.101438408483144,1,5.4058617307177235,6.797015086248565
49,2019,8,Aug2019,$ / BU,6.163132865395665,1,5.467556187630245,6.858709543161086
49,2019,9,Sep2019,$ / BU,6.2248273223081885,1,5.529250644542768,6.920404000073609
49,2019,10,Oct2019,$ / BU,6.28652177922071,1,5.590945101455289,6.98209845698613
49,2019,11,Nov2019,$ / BU,6.348216236133232,1,5.652639558367811,7.043792913898653
49,2019,12,Dec2019,$ / BU,6.409910693045754,1,5.7143340152803335,7.105487370811175
49,2020,1,Jan2020,$ / BU,6.471605149958275,1,5.776028472192855,7.167181827723696
49,2020,2,Feb2020,$ / BU,6.5332996068707985,1,5.837722929105378,7.228876284636219
49,2020,3,Mar2020,$ / BU,6.59499406378332,1,5.899417386017899,7.29057074154874
49,2020,4,Apr2020,$ / BU,6.656688520695842,1,5.961111842930421,7.352265198461263
49,2020,5,May2020,$ / BU,6.718382977608364,1,6.0228062998429435,7.413959655373785
49,2020,6,Jun2020,$ / BU,6.780077434520885,1,6.084500756755465,7.475654112286306
49,2020,7,Jul2020,$ / BU,6.8417718914334085,1,6.146195213667988,7.537348569198829
49,2020,8,Aug2020,$ / BU,6.90346634834593,1,6.207889670580509,7.59904302611135
49,2020,9,Sep2020,$ / BU,6.965160805258452,1,6.269584127493031,7.660737483023873
49,2020,10,Oct2020,$ / BU,7.026855262170974,1,6.3312785844055535,7.722431939936395
49,2020,11,Nov2020,$ / BU,7.088549719083495,1,6.392973041318075,7.784126396848916
49,2020,12,Dec2020,$ / BU,7.1502441759960185,1,6.454667498230598,7.845820853761439
49,2021,1,Jan2021,$ / BU,7.21193863290854,1,6.516361955143119,7.90751531067396
49,2021,2,Feb2021,$ / BU,7.273633089821062,1,6.578056412055641,7.969209767586483
49,2021,3,Mar2021,$ / BU,7.335327546733584,1,6.6397508689681635,8.030904224499004
49,2021,4,Apr2021,$ / BU,7.397022003646105,1,6.701445325880685,8.092598681411525
49,2021,5,May2021,$ / BU,7.4587164605586285,1,6.763139782793208,8.154293138324048
49,2021,6,Jun2021,$ / BU,7.52041091747115,1,6.824834239705729,8.21598759523657
49,2021,7,Jul2021,$ / BU,7.582105374383672,1,6.886528696618251,8.277682052149093
49,2021,8,Aug2021,$ / BU,7.643799831296194,1,6.9482231535307735,8.339376509061614
49,2021,9,Sep2021,$ / BU,7.705494288208716,1,7.009917610443296,8.401070965974137
49,2021,10,Oct2021,$ / BU,7.7671887451212385,1,7.071612067355818,8.462765422886658
49,2021,11,Nov2021,$ / BU,7.82888320203376,1,7.133306524268339,8.52445987979918
49,2021,12,Dec2021,$ / BU,7.890577658946282,1,7.195000981180861,8.586154336711703
49,2022,1,Jan2022,$ / BU,7.952272115858804,1,7.2566954380933835,8.647848793624224
49,2022,2,Feb2022,$ / BU,8.013966572771327,1,7.3183898950059065,8.709543250536747
49,2022,3,Mar2022,$ / BU,8.075661029683848,1,7.380084351918428,8.771237707449268
49,2022,4,Apr2022,$ / BU,8.13735548659637,1,7.441778808830949,8.83293216436179
49,2022,5,May2022,$ / BU,8.199049943508893,1,7.503473265743472,8.894626621274313
49,2022,6,Jun2022,$ / BU,8.260744400421414,1,7.5651677226559935,8.956321078186834
49,2022,7,Jul2022,$ / BU,8.322438857333935,1,7.626862179568515,9.018015535099355
49,2022,8,Aug2022,$ / BU,8.384133314246458,1,7.688556636481038,9.079709992011878
49,2022,9,Sep2022,$ / BU,8.44582777115898,1,7.750251093393559,9.1414044489244
49,2022,10,Oct2022,$ / BU,8.507522228071501,1,7.81194555030608,9.20309890583692
49,2022,11,Nov2022,$ / BU,8.569216684984024,1,7.8736400072186035,9.264793362749444
49,2022,12,Dec2022,$ / BU,8.630911141896547,1,7.9353344641311265,9.326487819661967
49,2023,1,Jan2023,$ / BU,8.692605598809068,1,7.997028921043648,9.388182276574488
49,2023,2,Feb2023,$ / BU,8.75430005572159,1,8.05872337795617,9.44987673348701
49,2023,3,Mar2023,$ / BU,8.815994512634113,1,8.120417834868693,9.511571190399533
49,2023,4,Apr2023,$ / BU,8.877688969546634,1,8.182112291781214,9.573265647312054
49,2023,5,May2023,$ / BU,8.939383426459155,1,8.243806748693736,9.634960104224575
49,2023,6,Jun2023,$ / BU,9.001077883371678,1,8.305501205606259,9.696654561137098
49,2023,7,Jul2023,$ / BU,9.0627723402842,1,8.36719566251878,9.75834901804962
49,2023,8,Aug2023,$ / BU,9.124466797196721,1,8.428890119431301,9.82004347496214
49,2023,9,Sep2023,$ / BU,9.186161254109244,1,8.490584576343824,9.881737931874664
49,2023,10,Oct2023,$ / BU,9.247855711021767,1,8.552279033256347,9.943432388787187
49,2023,11,Nov2023,$ / BU,9.309550167934288,1,8.613973490168869,10.005126845699708
49,2023,12,Dec2023,$ / BU,9.37124462484681,1,8.67566794708139,10.06682130261223
49,2024,1,Jan2024,$ / BU,9.432939081759333,1,8.737362403993913,10.128515759524753
49,2024,2,Feb2024,$ / BU,9.494633538671854,1,8.799056860906434,10.190210216437274
49,2024,3,Mar2024,$ / BU,9.556327995584375,1,8.860751317818956,10.251904673349795
49,2024,4,Apr2024,$ / BU,9.618022452496898,1,8.922445774731479,10.313599130262318
49,2024,5,May2024,$ / BU,9.67971690940942,1,8.984140231644,10.37529358717484
49,2024,6,Jun2024,$ / BU,9.741411366321941,1,9.045834688556521,10.43698804408736
49,2024,7,Jul2024,$ / BU,9.803105823234464,1,9.107529145469044,10.498682500999884
49,2024,8,Aug2024,$ / BU,9.864800280146987,1,9.169223602381567,10.560376957912407
49,2024,9,Sep2024,$ / BU,9.926494737059508,1,9.230918059294089,10.622071414824928
49,2024,10,Oct2024,$ / BU,9.98818919397203,1,9.29261251620661,10.68376587173745
49,2024,11,Nov2024,$ / BU,10.049883650884553,1,9.354306973119133,10.745460328649973
49,2024,12,Dec2024,$ / BU,10.111578107797074,1,9.416001430031654,10.807154785562494
49,2025,1,Jan2025,$ / BU,10.173272564709595,1,9.477695886944176,10.868849242475015
49,2025,2,Feb2025,$ / BU,10.234967021622118,1,9.539390343856699,10.930543699387538
49,2025,3,Mar2025,$ / BU,10.296661478534642,1,9.601084800769222,10.992238156300061
49,2025,4,Apr2025,$ / BU,10.358355935447161,1,9.662779257681741,11.05393261321258
49,2025,5,May2025,$ / BU,10.420050392359684,1,9.724473714594264,11.115627070125104
49,2025,6,Jun2025,$ / BU,10.481744849272207,1,9.786168171506787,11.177321527037627
49,2025,7,Jul2025,$ / BU,10.543439306184728,1,9.847862628419309,11.239015983950148
49,2025,8,Aug2025,$ / BU,10.60513376309725,1,9.90955708533183,11.30071044086267
49,2025,9,Sep2025,$ / BU,10.666828220009773,1,9.971251542244353,11.362404897775193
49,2025,10,Oct2025,$ / BU,10.728522676922294,1,10.032945999156874,11.424099354687714
49,2025,11,Nov2025,$ / BU,10.790217133834815,1,10.094640456069396,11.485793811600235
49,2025,12,Dec2025,$ / BU,10.851911590747338,1,10.156334912981919,11.547488268512758
49,2026,1,Jan2026,$ / BU,10.913606047659862,1,10.218029369894442,11.609182725425281
49,2026,2,Feb2026,$ / BU,10.975300504572381,1,10.279723826806961,11.6708771823378
49,2026,3,Mar2026,$ / BU,11.036994961484904,1,10.341418283719484,11.732571639250324
49,2026,4,Apr2026,$ / BU,11.098689418397427,1,10.403112740632007,11.794266096162847
49,2026,5,May2026,$ / BU,11.160383875309948,1,10.464807197544529,11.855960553075368
49,2026,6,Jun2026,$ / BU,11.22207833222247,1,10.52650165445705,11.91765500998789
49,2026,7,Jul2026,$ / BU,11.283772789134993,1,10.588196111369573,11.979349466900413
49,2026,8,Aug2026,$ / BU,11.345467246047514,1,10.649890568282094,12.041043923812934
49,2026,9,Sep2026,$ / BU,11.407161702960035,1,10.711585025194616,12.102738380725455
49,2026,10,Oct2026,$ / BU,11.468856159872558,1,10.773279482107139,12.164432837637978
49,2026,11,Nov2026,$ / BU,11.53055061678508,1,10.83497393901966,12.2261272945505
49,2026,12,Dec2026,$ / BU,11.592245073697603,1,10.896668395932183,12.287821751463023
53,2012,1,Jan2012,$ / BU,4.54,0,,
53,2012,2,Feb2012,$ / BU,4.23,0,,
53,2012,3,Mar2012,$ / BU,4.45,0,,
53,2012,4,Apr2012,$ / BU,4.54,0,,
53,2012,5,May2012,$ / BU,4.71,0,,
53,2012,6,Jun2012,$ / BU,4.89,0,,
53,2012,7,Jul2012,$ / BU,5.16,0,,
53,2012,8,Aug2012,$ / BU,5.71,0,,
53,2012,9,Sep2012,$ / BU,5.49,0,,
53,2012,10,Oct2012,$ / BU,5.4,0,,
53,2012,11,Nov2012,$ / BU,5.65,0,,
53,2012,12,Dec2012,$ / BU,5.62,0,,
53,2013,1,Jan2013,$ / BU,5.6,0,,
53,2013,2,Feb2013,$ / BU,5.54,0,,
53,2013,3,Mar2013,$ / BU,5.41,0,,
53,2013,4,Apr2013,$ / BU,5.24,0,,
53,2013,5,May2013,$ / BU,5.18,0,,
53,2013,6,Jun2013,$ / BU,5.26,0,,
53,2013,7,Jul2013,$ / BU,5.02,0,,
53,2013,8,Aug2013,$ / BU,4.52,0,,
53,2013,9,Sep2013,$ / BU,4.41,0,,
53,2013,10,Oct2013,$ / BU,3.58,0,,
53,2013,11,Nov2013,$ / BU,3.61,0,,
53,2013,12,Dec2013,$ / BU,3.59,0,,
53,2014,1,Jan2014,$ / BU,3.56,0,,
53,2014,2,Feb2014,$ / BU,3.53,0,,
53,2014,3,Mar2014,$ / BU,3.78,0,,
53,2014,4,Apr2014,$ / BU,4.61,0,,
53,2014,5,May2014,$ / BU,4.39,0,,
53,2014,6,Jun2014,$ / BU,4.11,0,,
53,2014,7,Jul2014,$ / BU,3.88,0,,
53,2014,8,Aug2014,$ / BU,3.55,0,,
53,2014,9,Sep2014,$ / BU,3.3,0,,
53,2014,10,Oct2014,$ / BU,3.21,0,,
53,2014,11,Nov2014,$ / BU,3.18,0,,
53,2014,12,Dec2014,$ / BU,3.34,0,,
53,2015,1,Jan2015,$ / BU,3.33,0,,
53,2015,2,Feb2015,$ / BU,3.96,0,,
53,2015,3,Mar2015,$ / BU,3.53,0,,
53,2015,4,Apr2015,$ / BU,3.45,0,,
53,2015,5,May2015,$ / BU,4.59,0,,
53,2015,6,Jun2015,$ / BU,4.03,0,,
53,2015,7,Jul2015,$ / BU,3.61,0,,
53,2015,8,Aug2015,$ / BU,3.65,0,,
53,2015,9,Sep2015,$ / BU,3.4,0,,
53,2015,10,Oct2015,$ / BU,3.43,0,,
53,2015,11,Nov2015,$ / BU,3.12,0,,
53,2015,12,Dec2015,$ / BU,2.99,0,,
53,2016,1,Jan2016,$ / BU,3.19,0,,
53,2016,2,Feb2016,$ / BU,3.3,0,,
53,2016,3,Mar2016,$ / BU,3.2,0,,
53,2016,4,Apr2016,$ / BU,3.03,0,,
53,2016,5,May2016,$ / BU,2.68,0,,
53,2016,6,Jun2016,$ / BU,2.94,0,,
53,2016,7,Jul2016,$ / BU,2.95,0,,
53,2016,8,Aug2016,$ / BU,3.04,0,,
53,2016,9,Sep2016,$ / BU,2.63,0,,
53,2016,10,Oct2016,$ / BU,3.53,0,,
53,2016,11,Nov2016,$ / BU,2.53,0,,
53,2016,12,Dec2016,$ / BU,2.39,0,,
53,2017,1,Jan2017,$ / BU,2.89,0,,
53,2017,2,Feb2017,$ / BU,2.62,0,,
53,2017,3,Mar2017,$ / BU,2.71,0,,
53,2017,4,Apr2017,$ / BU,2.36,0,,
53,2017,5,May2017,$ / BU,3.75,0,,
53,2017,6,Jun2017,$ / BU,2.32,0,,
53,2017,7,Jul2017,$ / BU,2.56,0,,
53,2017,8,Aug2017,$ / BU,2.51,0,,
53,2017,9,Sep2017,$ / BU,2.48,0,,
53,2017,12,Dec2017,$ / BU,2.09,0,,
53,2018,1,Jan2018,$ / BU,2.92,0,,
53,2018,2,Feb2018,$ / BU,3.01,0,,
53,2018,3,Mar2018,$ / BU,3.16,0,,
53,2018,4,Apr2018,$ / BU,3.54,0,,
53,2018,5,May2018,$ / BU,2.62,0,,
53,2018,8,Aug2018,$ / BU,4.39,0,,
53,2018,9,Sep2018,$ / BU,2.94,0,,
53,2018,10,Oct2018,$ / BU,3.88,0,,
53,2018,11,Nov2018,$ / BU,3.04,0,,
53,2018,12,Dec2018,$ / BU,3.2,0,,
53,2019,1,Jan2019,$ / BU,3.05,0,,
53,2019,2,Feb2019,$ / BU,3.47,0,,
53,2019,9,Sep2019,$ / BU,4.0,0,,
53,2019,10,Oct2019,$ / BU,4.32,0,,
53,2019,11,Nov2019,$ / BU,4.65,0,,
53,2019,12,Dec2019,$ / BU,4.99,0,,
53,2020,1,Jan2020,$ / BU,5.02,0,,
53,2020,5,May2020,$ / BU,5.19,0,,
53,2020,7,Jul2020,$ / BU,5.69,0,,
53,2020,9,Sep2020,$ / BU,5.12,0,,
53,2020,10,Oct2020,$ / BU,5.21,0,,
53,2020,11,Nov2020,$ / BU,5.06,0,,
53,2020,12,Dec2020,$ / BU,5.14,0,,
53,2021,1,Jan2021,$ / BU,5.37,0,,
53,2021,2,Feb2021,$ / BU,5.16,0,,
53,2021,3,Mar2021,$ / BU,5.25,0,,
53,2021,4,Apr2021,$ / BU,5.51,0,,
53,2021,5,May2021,$ / BU,5.67,0,,
53,2021,6,Jun2021,$ / BU,4.33,0,,
53,2021,9,Sep2021,$ / BU,4.55,0,,
53,2021,10,Oct2021,$ / BU,5.99,0,,
53,2021,11,Nov2021,$ / BU,5.54,0,,
53,2021,12,Dec2021,$ / BU,5.77,0,,
53,2022,1,Jan2022,$ / BU,5.91,0,,
53,2022,2,Feb2022,$ / BU,5.44,0,,
53,2022,3,Mar2022,$ / BU,5.7386180249695355,1,4.8544545597102635,6.622781490228808
53,2022,4,Apr2022,$ / BU,5.806782250156706,1,4.922618784897434,6.690945715415978
53,2022,5,May2022,$ / BU,5.874946475343876,1,4.990783010084604,6.759109940603148
53,2022,6,Jun2022,$ / BU,5.943110700531046,1,5.058947235271774,6.827274165790318
53,2022,7,Jul2022,$ / BU,6.011274925718217,1,5.127111460458945,6.895438390977489
53,2022,8,Aug2022,$ / BU,6.079439150905388,1,5.1952756856461155,6.96360261616466
53,2022,9,Sep2022,$ / BU,6.147603376092558,1,5.263439910833286,7.03176684135183
53,2022,10,Oct2022,$ / BU,6.215767601279728,1,5.331604136020456,7.099931066539
53,2022,11,Nov2022,$ / BU,6.283931826466898,1,5.399768361207626,7.16809529172617
53,2022,12,Dec2022,$ / BU,6.352096051654069,1,5.467932586394797,7.236259516913341
53,2023,1,Jan2023,$ / BU,6.42026027684124,1,5.5360968115819675,7.304423742100512
53,2023,2,Feb2023,$ / BU,6.48842450202841,1,5.604261036769138,7.372587967287682
53,2023,3,Mar2023,$ / BU,6.55658872721558,1,5.672425261956308,7.440752192474852
53,2023,4,Apr2023,$ / BU,6.62475295240275,1,5.740589487143478,7.5089164176620224
53,2023,5,May2023,$ / BU,6.692917177589921,1,5.808753712330649,7.577080642849193
53,2023,6,Jun2023,$ / BU,6.761081402777092,1,5.8769179375178195,7.645244868036364
53,2023,7,Jul2023,$ / BU,6.829245627964262,1,5.94508216270499,7.713409093223534
53,2023,8,Aug2023,$ / BU,6.897409853151432,1,6.01324638789216,7.781573318410704
53,2023,9,Sep2023,$ / BU,6.965574078338602,1,6.08141061307933,7.8497375435978745
53,2023,10,Oct2023,$ / BU,7.033738303525773,1,6.149574838266501,7.917901768785045
53,2023,11,Nov2023,$ / BU,7.101902528712944,1,6.2177390634536716,7.986065993972216
53,2023,12,Dec2023,$ / BU,7.170066753900114,1,6.285903288640842,8.054230219159386
53,2024,1,Jan2024,$ / BU,7.238230979087284,1,6.354067513828012,8.122394444346556
53,2024,2,Feb2024,$ / BU,7.306395204274454,1,6.422231739015182,8.190558669533727
53,2024,3,Mar2024,$ / BU,7.374559429461625,1,6.490395964202353,8.258722894720897
53,2024,4,Apr2024,$ / BU,7.442723654648796,1,6.558560189389524,8.326887119908069
53,2024,5,May2024,$ / BU,7.510887879835966,1,6.626724414576694,8.395051345095238
53,2024,6,Jun2024,$ / BU,7.579052105023136,1,6.694888639763864,8.463215570282408
53,2024,7,Jul2024,$ / BU,7.6472163302103064,1,6.763052864951034,8.53137979546958
53,2024,8,Aug2024,$ / BU,7.715380555397477,1,6.831217090138205,8.599544020656749
53,2024,9,Sep2024,$ / BU,7.783544780584647,1,6.899381315325375,8.667708245843919
53,2024,10,Oct2024,$ / BU,7.851709005771818,1,6.967545540512546,8.73587247103109
53,2024,11,Nov2024,$ / BU,7.919873230958988,1,7.035709765699716,8.80403669621826
53,2024,12,Dec2024,$ / BU,7.9880374561461585,1,7.103873990886886,8.872200921405431
53,2025,1,Jan2025,$ / BU,8.056201681333329,1,7.172038216074057,8.940365146592601
53,2025,2,Feb2025,$ / BU,8.124365906520499,1,7.240202441261227,9.00852937177977
53,2025,3,Mar2025,$ / BU,8.19253013170767,1,7.308366666448398,9.076693596966942
53,2025,4,Apr2025,$ / BU,8.26069435689484,1,7.376530891635568,9.144857822154112
53,2025,5,May2025,$ / BU,8.32885858208201,1,7.4446951168227375,9.213022047341282
53,2025,6,Jun2025,$ / BU,8.397022807269181,1,7.512859342009909,9.281186272528453
53,2025,7,Jul2025,$ / BU,8.46518703245635,1,7.581023567197079,9.349350497715623
53,2025,8,Aug2025,$ / BU,8.533351257643522,1,7.64918779238425,9.417514722902794
53,2025,9,Sep2025,$ / BU,8.601515482830692,1,7.71735201757142,9.485678948089964
53,2025,10,Oct2025,$ / BU,8.669679708017863,1,7.785516242758591,9.553843173277135
53,2025,11,Nov2025,$ / BU,8.737843933205033,1,7.853680467945761,9.622007398464305
53,2025,12,Dec2025,$ / BU,8.806008158392203,1,7.921844693132931,9.690171623651475
53,2026,1,Jan2026,$ / BU,8.874172383579374,1,7.990008918320102,9.758335848838646
53,2026,2,Feb2026,$ / BU,8.942336608766544,1,8.058173143507272,9.826500074025816
53,2026,3,Mar2026,$ / BU,9.010500833953714,1,8.126337368694442,9.894664299212986
53,2026,4,Apr2026,$ / BU,9.078665059140885,1,8.194501593881613,9.962828524400157
53,2026,5,May2026,$ / BU,9.146829284328055,1,8.262665819068783,10.030992749587327
53,2026,6,Jun2026,$ / BU,9.214993509515226,1,8.330830044255954,10.099156974774498
53,2026,7,Jul2026,$ / BU,9.283157734702396,1,8.398994269443124,10.167321199961668
53,2026,8,Aug2026,$ / BU,9.351321959889567,1,8.467158494630295,10.23548542514884
53,2026,9,Sep2026,$ / BU,9.419486185076737,1,8.535322719817465,10.303649650336009
53,2026,10,Oct2026,$ / BU,9.487650410263907,1,8.603486945004635,10.371813875523179
53,2026,11,Nov2026,$ / BU,9.555814635451078,1,8.671651170191806,10.43997810071035
53,2026,12,Dec2026,$ / BU,9.623978860638248,1,8.739815395378976,10.50814232589752
56,2014,9,Sep2014,$ / BU,5.87,0,,
56,2015,8,Aug2015,$ / BU,6.03,0,,
56,2015,9,Sep2015,$ / BU,5.58,0,,
56,2015,11,Nov2015,$ / BU,6.22,0,,
56,2016,8,Aug2016,$ / BU,5.47,0,,
56,2016,11,Nov2016,$ / BU,5.65,0,,
56,2017,8,Aug2017,$ / BU,4.68,0,,
56,2018,8,Aug2018,$ / BU,4.7,0,,
56,2019,8,Aug2019,$ / BU,4.94,0,,
56,2019,10,Oct2019,$ / BU,4.92,0,,
56,2020,8,Aug2020,$ / BU,4.89,0,,
56,2021,11,Nov2021,$ / BU,4.88,0,,
56,2022,2,Feb2022,$ / BU,5.0,0,,
56,2022,3,Mar2022,$ / BU,4.996328427142252,1,4.82192835344905,5.170728500835454
56,2022,4,Apr2022,$ / BU,5.0128177658532715,1,4.8384176921600694,5.187217839546474
56,2022,5,May2022,$ / BU,5.029307104564292,1,4.8549070308710895,5.203707178257494
56,2022,6,Jun2022,$ / BU,5.045796443275311,1,4.871396369582109,5.220196516968513
56,2022,7,Jul2022,$ / BU,5.062285781986331,1,4.887885708293129,5.236685855679533
56,2022,8,Aug2022,$ / BU,5.07877512069735,1,4.904375047004148,5.253175194390552
56,2022,9,Sep2022,$ / BU,5.09526445940837,1,4.920864385715168,5.269664533101572
56,2022,10,Oct2022,$ / BU,5.1117537981193895,1,4.937353724426187,5.2861538718125916
56,2022,11,Nov2022,$ / BU,5.1282431368304096,1,4.9538430631372075,5.302643210523612
56,2022,12,Dec2022,$ / BU,5.144732475541429,1,4.970332401848227,5.319132549234631
56,2023,1,Jan2023,$ / BU,5.161221814252449,1,4.986821740559247,5.335621887945651
56,2023,2,Feb2023,$ / BU,5.177711152963468,1,5.003311079270266,5.35211122665667
56,2023,3,Mar2023,$ / BU,5.194200491674488,1,5.019800417981286,5.36860056536769
56,2023,4,Apr2023,$ / BU,5.210689830385508,1,5.036289756692306,5.38508990407871
56,2023,5,May2023,$ / BU,5.2271791690965275,1,5.052779095403325,5.40157924278973
56,2023,6,Jun2023,$ / BU,5.243668507807548,1,5.0692684341143455,5.41806858150075
56,2023,7,Jul2023,$ / BU,5.260157846518567,1,5.085757772825365,5.434557920211769
56,2023,8,Aug2023,$ / BU,5.276647185229587,1,5.102247111536385,5.451047258922789
56,2023,9,Sep2023,$ / BU,5.293136523940606,1,5.118736450247404,5.467536597633808
56,2023,10,Oct2023,$ / BU,5.309625862651626,1,5.135225788958424,5.484025936344828
56,2023,11,Nov2023,$ / BU,5.326115201362645,1,5.151715127669443,5.5005152750558475
56,2023,12,Dec2023,$ / BU,5.3426045400736655,1,5.168204466380463,5.517004613766868
56,2024,1,Jan2024,$ / BU,5.359093878784685,1,5.184693805091483,5.533493952477887
56,2024,2,Feb2024,$ / BU,5.375583217495705,1,5.201183143802503,5.549983291188907
56,2024,3,Mar2024,$ / BU,5.392072556206724,1,5.217672482513522,5.566472629899926
56,2024,4,Apr2024,$ / BU,5.408561894917744,1,5.234161821224542,5.582961968610946
56,2024,5,May2024,$ / BU,5.425051233628764,1,5.250651159935562,5.599451307321966
56,2024,6,Jun2024,$ / BU,5.441540572339783,1,5.267140498646581,5.6159406460329855
56,2024,7,Jul2024,$ / BU,5.4580299110508035,1,5.283629837357601,5.632429984744006
56,2024,8,Aug2024,$ / BU,5.474519249761823,1,5.300119176068621,5.648919323455025
56,2024,9,Sep2024,$ / BU,5.491008588472843,1,5.316608514779641,5.665408662166045
56,2024,10,Oct2024,$ / BU,5.507497927183862,1,5.33309785349066,5.681898000877064
56,2024,11,Nov2024,$ / BU,5.523987265894882,1,5.34958719220168,5.698387339588084
56,2024,12,Dec2024,$ / BU,5.540476604605901,1,5.366076530912699,5.714876678299103
56,2025,1,Jan2025,$ / BU,5.556965943316921,1,5.382565869623719,5.7313660170101235
56,2025,2,Feb2025,$ / BU,5.573455282027941,1,5.3990552083347385,5.747855355721143
56,2025,3,Mar2025,$ / BU,5.589944620738961,1,5.415544547045759,5.764344694432163
56,2025,4,Apr2025,$ / BU,5.60643395944998,1,5.432033885756778,5.780834033143182
56,2025,5,May2025,$ / BU,5.622923298161,1,5.448523224467798,5.797323371854202
56,2025,6,Jun2025,$ / BU,5.63941263687202,1,5.465012563178818,5.813812710565222
56,2025,7,Jul2025,$ / BU,5.655901975583039,1,5.481501901889837,5.830302049276241
56,2025,8,Aug2025,$ / BU,5.672391314294059,1,5.497991240600857,5.8467913879872615
56,2025,9,Sep2025,$ / BU,5.688880653005079,1,5.5144805793118765,5.863280726698281
56,2025,10,Oct2025,$ / BU,5.705369991716099,1,5.530969918022897,5.879770065409301
56,2025,11,Nov2025,$ / BU,5.721859330427118,1,5.547459256733916,5.89625940412032
56,2025,12,Dec2025,$ / BU,5.738348669138138,1,5.563948595444936,5.91274874283134
56,2026,1,Jan2026,$ / BU,5.754838007849157,1,5.580437934155955,5.929238081542359
56,2026,2,Feb2026,$ / BU,5.771327346560177,1,5.596927272866975,5.945727420253379
56,2026,3,Mar2026,$ / BU,5.7878166852711965,1,5.613416611577994,5.962216758964399
56,2026,4,Apr2026,$ / BU,5.804306023982217,1,5.6299059502890145,5.978706097675419
56,2026,5,May2026,$ / BU,5.820795362693236,1,5.646395289000034,5.995195436386438
56,2026,6,Jun2026,$ / BU,5.837284701404256,1,5.662884627711054,6.011684775097458
56,2026,7,Jul2026,$ / BU,5.853774040115276,1,5.679373966422074,6.028174113808478
56,2026,8,Aug2026,$ / BU,5.870263378826295,1,5.695863305133093,6.044663452519497
56,2026,9,Sep2026,$ / BU,5.886752717537315,1,5.712352643844113,6.061152791230517
56,2026,10,Oct2026,$ / BU,5.9032420562483345,1,5.728841982555132,6.077642129941537
56,2026,11,Nov2026,$ / BU,5.919731394959355,1,5.7453313212661525,6.094131468652557
56,2026,12,Dec2026,$ / BU,5.936220733670374,1,5.761820659977172,6.110620807363576
