county_fips_code,year,unit_desc,Value
01083,2017,$,52000.0
02090,2017,$,629000.0
02020,2017,$,1000.0
04003,2017,$,763000.0
04003,2012,$,2001000.0
04003,2007,$,689000.0
04009,2017,$,1104000.0
04009,2012,$,556000.0
04013,2017,$,2144000.0
04013,2012,$,9106000.0
04019,2007,$,806000.0
04021,2017,$,2222000.0
04021,2012,$,13224000.0
06093,2017,$,1382000.0
06093,2012,$,1751000.0
06093,2007,$,1924000.0
06035,2007,$,184000.0
06049,2007,$,943000.0
06053,2017,$,618000.0
06053,2012,$,963000.0
06069,2012,$,27000.0
06079,2017,$,1886000.0
06079,2012,$,3900000.0
06079,2007,$,901000.0
06021,2012,$,297000.0
06021,2007,$,213000.0
06067,2007,$,140000.0
06095,2017,$,456000.0
06095,2007,$,106000.0
06113,2017,$,1460000.0
06113,2012,$,919000.0
06113,2007,$,474000.0
06019,2012,$,3013000.0
06019,2007,$,1506000.0
06029,2017,$,467000.0
06029,2012,$,1245000.0
06031,2012,$,2169000.0
06039,2017,$,21000.0
06039,2012,$,146000.0
06039,2007,$,32000.0
06047,2017,$,391000.0
06047,2012,$,959000.0
06047,2007,$,441000.0
06077,2017,$,154000.0
06077,2012,$,319000.0
06077,2007,$,86000.0
06099,2012,$,68000.0
06099,2007,$,99000.0
06107,2017,$,28000.0
06107,2012,$,198000.0
06107,2007,$,98000.0
06065,2012,$,351000.0
08013,2017,$,523000.0
08013,2012,$,515000.0
08013,2007,$,366000.0
08069,2007,$,849000.0
08075,2017,$,100000.0
08087,2012,$,227000.0
08123,2017,$,3706000.0
08123,2012,$,2538000.0
08123,2007,$,2151000.0
08001,2012,$,43000.0
08063,2007,$,78000.0
08125,2017,$,294000.0
08007,2017,$,37000.0
08029,2012,$,16000.0
08029,2007,$,9000.0
08083,2017,$,68000.0
08085,2017,$,43000.0
08085,2012,$,87000.0
08085,2007,$,127000.0
08003,2017,$,6089000.0
08003,2007,$,3357000.0
08021,2017,$,2926000.0
08021,2012,$,3094000.0
08021,2007,$,2548000.0
08023,2017,$,2851000.0
08023,2012,$,2630000.0
08023,2007,$,1631000.0
08105,2017,$,12581000.0
08105,2012,$,13420000.0
08105,2007,$,6970000.0
08109,2017,$,9217000.0
08109,2012,$,11816000.0
08109,2007,$,5598000.0
09003,2017,$,2000.0
10003,2007,$,266000.0
10001,2017,$,2136000.0
10001,2007,$,1966000.0
10005,2012,$,5035000.0
10005,2007,$,1087000.0
13175,2017,$,16000.0
13069,2012,$,45000.0
16009,2017,$,221000.0
16009,2012,$,923000.0
16009,2007,$,1017000.0
16017,2017,$,27000.0
16017,2012,$,12000.0
16021,2017,$,798000.0
16021,2012,$,1026000.0
16021,2007,$,616000.0
16035,2012,$,484000.0
16035,2007,$,148000.0
16049,2017,$,1087000.0
16049,2012,$,4523000.0
16049,2007,$,2978000.0
16055,2012,$,410000.0
16057,2012,$,5169000.0
16061,2017,$,700000.0
16061,2007,$,3753000.0
16069,2017,$,1332000.0
16069,2012,$,4232000.0
16069,2007,$,3314000.0
16001,2012,$,535000.0
16001,2007,$,141000.0
16027,2017,$,266000.0
16027,2007,$,1249000.0
16039,2007,$,818000.0
16045,2017,$,122000.0
16045,2012,$,152000.0
16045,2007,$,81000.0
16073,2007,$,521000.0
16075,2012,$,121000.0
16075,2007,$,14000.0
16087,2017,$,218000.0
16087,2012,$,282000.0
16087,2007,$,248000.0
16013,2017,$,4825000.0
16013,2012,$,10571000.0
16025,2017,$,2048000.0
16025,2012,$,3534000.0
16025,2007,$,1462000.0
16031,2017,$,23167000.0
16031,2012,$,16864000.0
16031,2007,$,11104000.0
16047,2017,$,671000.0
16047,2012,$,1634000.0
16047,2007,$,635000.0
16053,2017,$,8313000.0
16053,2012,$,16062000.0
16053,2007,$,6393000.0
16063,2017,$,1273000.0
16063,2012,$,2755000.0
16063,2007,$,752000.0
16067,2017,$,26711000.0
16067,2012,$,23344000.0
16067,2007,$,13961000.0
16083,2017,$,12818000.0
16083,2012,$,25240000.0
16083,2007,$,9702000.0
16005,2017,$,1794000.0
16005,2012,$,2299000.0
16005,2007,$,866000.0
16007,2017,$,2701000.0
16007,2012,$,1587000.0
16007,2007,$,477000.0
16011,2017,$,10476000.0
16011,2012,$,6923000.0
16011,2007,$,6079000.0
16019,2017,$,33003000.0
16019,2012,$,44735000.0
16019,2007,$,22472000.0
16023,2012,$,7185000.0
16023,2007,$,3088000.0
16029,2017,$,15404000.0
16029,2012,$,19219000.0
16029,2007,$,6647000.0
16033,2017,$,1770000.0
16033,2012,$,1603000.0
16037,2017,$,1976000.0
16041,2017,$,1193000.0
16041,2012,$,2626000.0
16041,2007,$,950000.0
16043,2017,$,25559000.0
16043,2012,$,31059000.0
16043,2007,$,12659000.0
16051,2017,$,15578000.0
16051,2012,$,26671000.0
16051,2007,$,12438000.0
16059,2012,$,227000.0
16065,2017,$,18763000.0
16065,2012,$,25036000.0
16065,2007,$,14168000.0
16071,2012,$,541000.0
16077,2017,$,1076000.0
16077,2012,$,420000.0
16077,2007,$,553000.0
16081,2017,$,11215000.0
16081,2012,$,11363000.0
16081,2007,$,5262000.0
17085,2007,$,5000.0
17177,2007,$,15000.0
17203,2017,$,42000.0
17139,2012,$,7000.0
17027,2012,$,3000.0
18149,2007,$,6000.0
18039,2017,$,1000.0
18099,2017,$,7000.0
18087,2017,$,11000.0
18087,2012,$,6000.0
18061,2012,$,12000.0
19005,2007,$,23000.0
19043,2012,$,66000.0
19055,2007,$,8000.0
19061,2017,$,7000.0
19061,2012,$,68000.0
19089,2007,$,76000.0
19027,2007,$,43000.0
19093,2017,$,184000.0
19127,2012,$,16000.0
19103,2012,$,14000.0
20065,2007,$,54000.0
20153,2007,$,35000.0
20179,2007,$,30000.0
20181,2007,$,25000.0
20063,2017,$,33000.0
20063,2007,$,114000.0
20109,2007,$,193000.0
20199,2007,$,5000.0
20057,2007,$,50000.0
20141,2007,$,10000.0
20163,2007,$,23000.0
20183,2007,$,111000.0
20051,2007,$,67000.0
20115,2017,$,19000.0
20165,2007,$,301000.0
20007,2007,$,32000.0
20079,2012,$,307000.0
20095,2007,$,4000.0
20155,2017,$,13000.0
20155,2012,$,216000.0
20155,2007,$,15000.0
20191,2007,$,29000.0
20087,2017,$,17000.0
20087,2012,$,39000.0
20087,2007,$,9000.0
20131,2007,$,10000.0
20031,2012,$,14000.0
20001,2007,$,3000.0
20015,2007,$,14000.0
20099,2017,$,60000.0
21221,2012,$,16000.0
21047,2017,$,32000.0
21047,2012,$,31000.0
21141,2017,$,377000.0
21141,2007,$,86000.0
21213,2017,$,124000.0
21219,2012,$,442000.0
21219,2007,$,49000.0
21003,2017,$,202000.0
21027,2017,$,5000.0
21027,2012,$,27000.0
21123,2012,$,5000.0
21155,2012,$,27000.0
21179,2017,$,56000.0
21179,2012,$,160000.0
21191,2012,$,3000.0
21069,2017,$,110000.0
21137,2017,$,12000.0
23003,2017,$,3575000.0
23003,2012,$,3706000.0
23003,2007,$,2455000.0
23019,2017,$,10000.0
23021,2012,$,15000.0
23015,2012,$,2000.0
24001,2007,$,45000.0
24023,2017,$,22000.0
24023,2012,$,38000.0
24005,2017,$,253000.0
24005,2012,$,215000.0
24005,2007,$,270000.0
24013,2017,$,437000.0
24013,2012,$,1183000.0
24013,2007,$,474000.0
24021,2017,$,475000.0
24021,2012,$,1381000.0
24021,2007,$,549000.0
24025,2007,$,142000.0
24043,2017,$,408000.0
24043,2012,$,968000.0
24043,2007,$,248000.0
24011,2017,$,962000.0
24011,2012,$,2190000.0
24011,2007,$,1024000.0
24015,2017,$,452000.0
24015,2007,$,255000.0
24029,2017,$,268000.0
24029,2012,$,2045000.0
24029,2007,$,580000.0
24035,2017,$,716000.0
24035,2012,$,804000.0
24035,2007,$,624000.0
24041,2017,$,562000.0
24041,2012,$,847000.0
24041,2007,$,317000.0
24003,2007,$,33000.0
24009,2017,$,5000.0
24009,2012,$,319000.0
24017,2007,$,43000.0
24037,2017,$,90000.0
24037,2012,$,612000.0
24037,2007,$,135000.0
24039,2017,$,283000.0
24039,2012,$,85000.0
24039,2007,$,83000.0
24045,2017,$,71000.0
24045,2012,$,211000.0
24045,2007,$,40000.0
25015,2012,$,5000.0
26003,2007,$,10000.0
26013,2012,$,76000.0
26033,2012,$,50000.0
26033,2007,$,128000.0
26041,2017,$,95000.0
26041,2012,$,291000.0
26041,2007,$,126000.0
26043,2007,$,47000.0
26061,2007,$,3000.0
26103,2012,$,11000.0
26109,2017,$,71000.0
26109,2012,$,194000.0
26109,2007,$,145000.0
26131,2012,$,10000.0
26131,2007,$,32000.0
26047,2017,$,11000.0
26047,2012,$,41000.0
26047,2007,$,24000.0
26089,2012,$,1000.0
26007,2017,$,18000.0
26031,2017,$,26000.0
26031,2012,$,33000.0
26031,2007,$,37000.0
26135,2012,$,21000.0
26141,2017,$,7000.0
26127,2012,$,1000.0
26035,2017,$,16000.0
26035,2012,$,18000.0
26051,2012,$,14000.0
26057,2007,$,5000.0
26073,2012,$,97000.0
26073,2007,$,122000.0
26117,2012,$,10000.0
26133,2012,$,9000.0
26133,2007,$,8000.0
26011,2007,$,182000.0
26063,2017,$,39000.0
26063,2007,$,167000.0
26145,2012,$,8000.0
26157,2007,$,8000.0
26081,2017,$,13000.0
26159,2012,$,11000.0
26045,2017,$,3000.0
26065,2007,$,24000.0
26149,2017,$,12000.0
26149,2012,$,6000.0
26049,2017,$,2000.0
26087,2012,$,26000.0
26087,2007,$,54000.0
26091,2012,$,77000.0
26147,2007,$,4000.0
26161,2012,$,33000.0
27005,2007,$,38000.0
27027,2017,$,429000.0
27027,2012,$,1022000.0
27027,2007,$,477000.0
27029,2012,$,91000.0
27069,2017,$,1243000.0
27069,2012,$,2389000.0
27069,2007,$,1303000.0
27087,2007,$,123000.0
27089,2017,$,6055000.0
27089,2012,$,11987000.0
27089,2007,$,6024000.0
27107,2017,$,1814000.0
27107,2012,$,2025000.0
27107,2007,$,866000.0
27113,2017,$,2677000.0
27113,2012,$,3788000.0
27113,2007,$,1305000.0
27119,2017,$,2216000.0
27119,2012,$,3609000.0
27119,2007,$,2578000.0
27125,2017,$,1638000.0
27125,2012,$,1413000.0
27125,2007,$,270000.0
27135,2017,$,2674000.0
27135,2012,$,6143000.0
27135,2007,$,2252000.0
27007,2017,$,51000.0
27007,2012,$,262000.0
27007,2007,$,65000.0
27057,2012,$,62000.0
27061,2017,$,1000.0
27061,2007,$,1000.0
27071,2012,$,12000.0
27137,2017,$,11000.0
27137,2012,$,34000.0
27041,2012,$,78000.0
27041,2007,$,60000.0
27051,2007,$,215000.0
27073,2017,$,12000.0
27111,2012,$,673000.0
27111,2007,$,452000.0
27121,2007,$,5000.0
27149,2007,$,27000.0
27151,2007,$,24000.0
27167,2017,$,852000.0
27167,2012,$,586000.0
27167,2007,$,243000.0
27173,2012,$,9000.0
27173,2007,$,37000.0
27009,2017,$,56000.0
27009,2012,$,88000.0
27009,2007,$,17000.0
27019,2007,$,7000.0
27067,2007,$,16000.0
27085,2017,$,8000.0
27085,2012,$,36000.0
27085,2007,$,17000.0
27093,2017,$,77000.0
27093,2012,$,126000.0
27093,2007,$,68000.0
27097,2017,$,31000.0
27097,2007,$,47000.0
27139,2012,$,23000.0
27139,2007,$,11000.0
27143,2017,$,149000.0
27143,2012,$,30000.0
27145,2017,$,371000.0
27145,2012,$,558000.0
27145,2007,$,442000.0
27153,2017,$,170000.0
27153,2012,$,414000.0
27153,2007,$,184000.0
27159,2012,$,419000.0
27159,2007,$,157000.0
27171,2012,$,71000.0
27171,2007,$,22000.0
27001,2012,$,19000.0
27017,2012,$,28000.0
27035,2007,$,6000.0
27065,2017,$,3000.0
27065,2007,$,16000.0
27095,2012,$,8000.0
27095,2007,$,19000.0
27115,2017,$,15000.0
27115,2012,$,28000.0
27115,2007,$,21000.0
27163,2017,$,13000.0
27033,2017,$,10000.0
27101,2012,$,26000.0
27105,2012,$,19000.0
27117,2012,$,26000.0
27117,2007,$,226000.0
27015,2012,$,2000.0
27015,2007,$,7000.0
27047,2017,$,20000.0
27047,2012,$,12000.0
27047,2007,$,8000.0
27131,2017,$,33000.0
27131,2012,$,7000.0
27131,2007,$,11000.0
27147,2012,$,12000.0
27147,2007,$,7000.0
27037,2017,$,59000.0
27037,2007,$,30000.0
27045,2017,$,95000.0
27045,2012,$,94000.0
27045,2007,$,35000.0
27049,2012,$,132000.0
27049,2007,$,87000.0
27055,2017,$,5000.0
27099,2017,$,109000.0
27099,2007,$,41000.0
27109,2017,$,19000.0
27109,2012,$,95000.0
27157,2017,$,109000.0
27157,2012,$,182000.0
27157,2007,$,62000.0
27169,2017,$,90000.0
27169,2012,$,160000.0
27169,2007,$,55000.0
29075,2017,$,1000.0
29199,2017,$,33000.0
29125,2012,$,2000.0
29135,2017,$,30000.0
29135,2012,$,7000.0
29141,2017,$,81000.0
29141,2012,$,72000.0
29141,2007,$,35000.0
29109,2017,$,203000.0
29145,2017,$,20000.0
29031,2007,$,26000.0
30029,2007,$,1839000.0
30047,2017,$,123000.0
30047,2007,$,373000.0
30077,2007,$,235000.0
30081,2017,$,80000.0
30081,2012,$,326000.0
30081,2007,$,192000.0
30005,2017,$,1100000.0
30005,2012,$,1807000.0
30005,2007,$,1870000.0
30015,2017,$,9775000.0
30015,2012,$,8464000.0
30015,2007,$,4933000.0
30035,2017,$,9510000.0
30035,2012,$,22729000.0
30035,2007,$,9319000.0
30041,2017,$,1978000.0
30041,2007,$,2619000.0
30051,2012,$,4484000.0
30051,2007,$,2483000.0
30071,2017,$,704000.0
30071,2007,$,1601000.0
30073,2017,$,11313000.0
30073,2012,$,27984000.0
30073,2007,$,11427000.0
30099,2017,$,20908000.0
30099,2012,$,31493000.0
30099,2007,$,14394000.0
30101,2017,$,13482000.0
30101,2012,$,22088000.0
30101,2007,$,5195000.0
30019,2012,$,350000.0
30021,2007,$,2020000.0
30033,2017,$,694000.0
30033,2012,$,733000.0
30033,2007,$,696000.0
30055,2012,$,1073000.0
30055,2007,$,1729000.0
30083,2017,$,1107000.0
30083,2012,$,7440000.0
30083,2007,$,4863000.0
30085,2017,$,277000.0
30085,2012,$,1274000.0
30085,2007,$,868000.0
30091,2017,$,316000.0
30091,2012,$,1162000.0
30091,2007,$,1087000.0
30105,2017,$,582000.0
30105,2012,$,1937000.0
30105,2007,$,633000.0
30007,2017,$,1008000.0
30007,2012,$,976000.0
30007,2007,$,815000.0
30013,2017,$,5629000.0
30013,2012,$,6517000.0
30013,2007,$,4461000.0
30027,2017,$,3148000.0
30027,2012,$,6303000.0
30027,2007,$,3298000.0
30037,2012,$,464000.0
30045,2012,$,2985000.0
30045,2007,$,1355000.0
30049,2017,$,1599000.0
30049,2012,$,4020000.0
30059,2017,$,1214000.0
30059,2012,$,2153000.0
30065,2012,$,494000.0
30065,2007,$,152000.0
30069,2017,$,447000.0
30069,2007,$,21000.0
30107,2012,$,1197000.0
30001,2017,$,3845000.0
30001,2012,$,3024000.0
30031,2017,$,9387000.0
30031,2012,$,9787000.0
30031,2007,$,4215000.0
30043,2007,$,26000.0
30057,2017,$,1401000.0
30057,2012,$,2231000.0
30057,2007,$,536000.0
30003,2017,$,4047000.0
30003,2012,$,5674000.0
30003,2007,$,3962000.0
30009,2017,$,5206000.0
30009,2012,$,4832000.0
30009,2007,$,2074000.0
30067,2017,$,1187000.0
30067,2012,$,1533000.0
30067,2007,$,409000.0
30095,2017,$,650000.0
30095,2012,$,1061000.0
30095,2007,$,645000.0
30097,2012,$,113000.0
30097,2007,$,10000.0
30103,2017,$,4330000.0
30103,2012,$,2933000.0
30111,2017,$,6133000.0
30111,2012,$,8536000.0
30111,2007,$,4373000.0
30011,2007,$,163000.0
30017,2017,$,87000.0
30017,2012,$,346000.0
30017,2007,$,417000.0
30025,2017,$,78000.0
30025,2012,$,40000.0
30025,2007,$,179000.0
30075,2017,$,123000.0
30075,2012,$,224000.0
30075,2007,$,171000.0
30079,2017,$,123000.0
30079,2012,$,971000.0
30079,2007,$,224000.0
30087,2017,$,2037000.0
30087,2012,$,2000000.0
30087,2007,$,431000.0
30109,2017,$,247000.0
30109,2012,$,268000.0
31007,2017,$,119000.0
31033,2017,$,96000.0
31033,2012,$,18000.0
31033,2007,$,53000.0
31027,2007,$,5000.0
31019,2007,$,2000.0
31041,2007,$,25000.0
31109,2012,$,2000.0
31127,2017,$,8000.0
31151,2012,$,8000.0
32013,2012,$,546000.0
32027,2017,$,155000.0
34019,2012,$,23000.0
34019,2007,$,11000.0
34025,2012,$,4000.0
34011,2007,$,20000.0
34015,2017,$,100000.0
34015,2007,$,91000.0
34033,2012,$,334000.0
34033,2007,$,262000.0
36049,2017,$,6000.0
36049,2007,$,43000.0
36089,2007,$,26000.0
36033,2017,$,68000.0
36033,2012,$,20000.0
36029,2012,$,10000.0
36029,2007,$,20000.0
36037,2012,$,50000.0
36051,2007,$,128000.0
36063,2007,$,70000.0
36069,2017,$,66000.0
36069,2007,$,2000.0
36073,2017,$,149000.0
36099,2017,$,237000.0
36099,2007,$,59000.0
36121,2017,$,6000.0
36123,2017,$,201000.0
36123,2012,$,185000.0
36011,2017,$,181000.0
36011,2012,$,140000.0
36011,2007,$,105000.0
36017,2017,$,8000.0
36023,2017,$,13000.0
36043,2012,$,41000.0
36053,2017,$,280000.0
36053,2012,$,152000.0
36067,2017,$,104000.0
36067,2007,$,19000.0
36075,2012,$,5000.0
36077,2012,$,9000.0
36057,2007,$,22000.0
36095,2017,$,24000.0
36095,2007,$,25000.0
36115,2017,$,20000.0
36115,2012,$,2000.0
36003,2007,$,11000.0
36013,2007,$,2000.0
36101,2017,$,377000.0
36097,2017,$,26000.0
36097,2012,$,3000.0
36097,2007,$,5000.0
36107,2007,$,3000.0
36109,2012,$,73000.0
36103,2017,$,4000.0
37171,2012,$,713000.0
37171,2007,$,201000.0
37197,2017,$,159000.0
37197,2012,$,326000.0
37021,2017,$,7000.0
37149,2012,$,6000.0
37001,2012,$,153000.0
37001,2007,$,31000.0
37067,2012,$,14000.0
37067,2007,$,2000.0
37069,2007,$,8000.0
37081,2017,$,62000.0
37081,2012,$,166000.0
37081,2007,$,138000.0
37135,2012,$,41000.0
37135,2007,$,15000.0
37145,2012,$,53000.0
37157,2012,$,17000.0
37185,2012,$,9000.0
37185,2007,$,15000.0
37003,2012,$,44000.0
37035,2012,$,7000.0
37035,2007,$,28000.0
37037,2017,$,34000.0
37037,2012,$,35000.0
37057,2017,$,54000.0
37057,2012,$,75000.0
37057,2007,$,14000.0
37097,2017,$,92000.0
37097,2012,$,335000.0
37097,2007,$,28000.0
37151,2017,$,54000.0
37151,2012,$,166000.0
37159,2017,$,550000.0
37159,2012,$,329000.0
37159,2007,$,610000.0
37183,2012,$,17000.0
37025,2012,$,188000.0
37025,2007,$,98000.0
37045,2012,$,86000.0
37109,2017,$,3000.0
37109,2012,$,100000.0
37109,2007,$,89000.0
37167,2017,$,38000.0
37167,2012,$,93000.0
37167,2007,$,71000.0
37101,2017,$,80000.0
37101,2012,$,23000.0
37129,2007,$,1000.0
37155,2007,$,2000.0
37163,2007,$,20000.0
38013,2017,$,2778000.0
38013,2012,$,12545000.0
38013,2007,$,4970000.0
38023,2017,$,149000.0
38023,2007,$,1050000.0
38061,2017,$,1637000.0
38061,2012,$,6355000.0
38061,2007,$,7192000.0
38075,2017,$,7550000.0
38075,2012,$,25190000.0
38075,2007,$,18581000.0
38101,2017,$,3399000.0
38101,2012,$,17045000.0
38101,2007,$,12298000.0
38105,2017,$,2331000.0
38105,2012,$,9794000.0
38105,2007,$,7669000.0
38005,2017,$,8794000.0
38005,2012,$,17244000.0
38005,2007,$,11300000.0
38009,2017,$,5888000.0
38009,2012,$,41140000.0
38009,2007,$,28241000.0
38049,2017,$,2176000.0
38049,2012,$,9124000.0
38049,2007,$,9740000.0
38069,2017,$,5510000.0
38069,2012,$,9331000.0
38069,2007,$,5528000.0
38079,2017,$,2408000.0
38079,2007,$,7810000.0
38019,2017,$,5251000.0
38019,2012,$,16846000.0
38019,2007,$,13483000.0
38035,2017,$,1685000.0
38035,2012,$,6130000.0
38035,2007,$,3458000.0
38063,2017,$,3357000.0
38063,2012,$,6336000.0
38063,2007,$,5272000.0
38067,2017,$,2386000.0
38067,2012,$,5052000.0
38067,2007,$,2959000.0
38071,2017,$,10946000.0
38071,2007,$,13854000.0
38095,2017,$,1934000.0
38095,2012,$,13169000.0
38095,2007,$,7648000.0
38099,2017,$,3912000.0
38099,2012,$,6980000.0
38099,2007,$,4689000.0
38025,2017,$,1049000.0
38025,2007,$,1574000.0
38053,2017,$,876000.0
38053,2012,$,4756000.0
38053,2007,$,3770000.0
38055,2017,$,1828000.0
38055,2012,$,10989000.0
38055,2007,$,7257000.0
38057,2017,$,1502000.0
38057,2012,$,3682000.0
38057,2007,$,2501000.0
38065,2017,$,289000.0
38065,2012,$,1973000.0
38027,2017,$,1119000.0
38027,2012,$,8863000.0
38027,2007,$,4079000.0
38031,2017,$,3951000.0
38031,2012,$,10092000.0
38031,2007,$,7315000.0
38043,2017,$,1289000.0
38043,2012,$,4070000.0
38043,2007,$,1618000.0
38083,2017,$,3830000.0
38083,2012,$,9035000.0
38083,2007,$,6409000.0
38093,2017,$,2435000.0
38093,2012,$,4741000.0
38093,2007,$,4928000.0
38103,2017,$,3739000.0
38103,2007,$,6196000.0
38003,2017,$,4071000.0
38003,2012,$,3852000.0
38003,2007,$,2368000.0
38017,2017,$,4618000.0
38017,2012,$,4710000.0
38017,2007,$,924000.0
38039,2017,$,2082000.0
38039,2012,$,3488000.0
38039,2007,$,3956000.0
38091,2017,$,3696000.0
38091,2012,$,3076000.0
38097,2017,$,4921000.0
38097,2012,$,3835000.0
38097,2007,$,1572000.0
38001,2017,$,376000.0
38001,2007,$,1687000.0
38007,2012,$,364000.0
38011,2012,$,1605000.0
38011,2007,$,3447000.0
38033,2017,$,112000.0
38033,2012,$,544000.0
38033,2007,$,712000.0
38041,2017,$,163000.0
38041,2012,$,1645000.0
38041,2007,$,1908000.0
38087,2017,$,334000.0
38087,2007,$,1309000.0
38089,2017,$,307000.0
38089,2012,$,3057000.0
38089,2007,$,1976000.0
38015,2017,$,3291000.0
38015,2012,$,6667000.0
38015,2007,$,3117000.0
38029,2017,$,903000.0
38029,2007,$,3032000.0
38037,2007,$,2510000.0
38059,2017,$,1599000.0
38059,2012,$,6235000.0
38059,2007,$,4225000.0
38085,2012,$,439000.0
38085,2007,$,220000.0
38021,2012,$,612000.0
38021,2007,$,175000.0
38045,2017,$,471000.0
38045,2012,$,1383000.0
38051,2017,$,63000.0
38073,2012,$,234000.0
38073,2007,$,253000.0
38077,2017,$,236000.0
38077,2012,$,210000.0
38077,2007,$,125000.0
38081,2017,$,1096000.0
38081,2012,$,214000.0
39051,2017,$,1000.0
39005,2012,$,7000.0
39033,2012,$,62000.0
39077,2007,$,7000.0
39139,2017,$,78000.0
39139,2012,$,26000.0
39139,2007,$,34000.0
39007,2012,$,22000.0
39029,2017,$,27000.0
39029,2012,$,8000.0
39029,2007,$,4000.0
39055,2017,$,1000.0
39099,2017,$,8000.0
39099,2007,$,20000.0
39103,2007,$,10000.0
39169,2017,$,223000.0
39169,2007,$,74000.0
39045,2017,$,17000.0
39083,2017,$,13000.0
39083,2007,$,13000.0
39097,2007,$,4000.0
39013,2012,$,10000.0
39019,2012,$,10000.0
39031,2012,$,10000.0
39075,2017,$,21000.0
39081,2017,$,7000.0
39081,2012,$,14000.0
39081,2007,$,2000.0
39157,2012,$,10000.0
39057,2017,$,29000.0
39113,2012,$,8000.0
39131,2007,$,1000.0
39059,2012,$,8000.0
39115,2017,$,10000.0
39119,2012,$,3000.0
39167,2017,$,10000.0
39167,2007,$,13000.0
40075,2017,$,620000.0
40141,2007,$,175000.0
40053,2007,$,8000.0
40071,2017,$,44000.0
40145,2017,$,214000.0
41003,2017,$,2000.0
41005,2017,$,18000.0
41005,2012,$,123000.0
41009,2012,$,26000.0
41009,2007,$,1000.0
41039,2012,$,7000.0
41043,2012,$,9000.0
41043,2007,$,44000.0
41053,2012,$,38000.0
41067,2017,$,152000.0
41067,2012,$,189000.0
41067,2007,$,116000.0
41071,2017,$,26000.0
41021,2012,$,1001000.0
41021,2007,$,1181000.0
41049,2017,$,200000.0
41049,2012,$,192000.0
41049,2007,$,680000.0
41055,2012,$,3921000.0
41065,2012,$,591000.0
41065,2007,$,216000.0
41001,2012,$,342000.0
41001,2007,$,167000.0
41059,2012,$,1159000.0
41059,2007,$,1042000.0
41061,2012,$,1931000.0
41061,2007,$,996000.0
41063,2012,$,1603000.0
41063,2007,$,1188000.0
41019,2012,$,22000.0
41029,2017,$,7000.0
41029,2012,$,86000.0
41029,2007,$,100000.0
41031,2007,$,114000.0
41035,2017,$,7853000.0
41035,2012,$,7914000.0
41035,2007,$,4167000.0
41037,2017,$,9000.0
41045,2017,$,59000.0
42039,2017,$,17000.0
42085,2017,$,14000.0
42015,2012,$,7000.0
42035,2012,$,7000.0
42035,2007,$,14000.0
42081,2017,$,39000.0
42081,2012,$,51000.0
42105,2012,$,66000.0
42117,2017,$,80000.0
42117,2012,$,17000.0
42005,2012,$,77000.0
42005,2007,$,23000.0
42007,2017,$,15000.0
42019,2017,$,16000.0
42063,2007,$,78000.0
42065,2007,$,3000.0
42073,2017,$,1000.0
42073,2012,$,16000.0
42013,2017,$,68000.0
42013,2012,$,165000.0
42013,2007,$,81000.0
42021,2017,$,58000.0
42021,2007,$,55000.0
42027,2017,$,63000.0
42027,2012,$,127000.0
42027,2007,$,55000.0
42033,2012,$,32000.0
42037,2012,$,110000.0
42037,2007,$,20000.0
42043,2017,$,171000.0
42043,2012,$,456000.0
42061,2012,$,154000.0
42061,2007,$,23000.0
42067,2012,$,127000.0
42067,2007,$,49000.0
42087,2017,$,90000.0
42093,2017,$,53000.0
42093,2012,$,21000.0
42093,2007,$,11000.0
42097,2017,$,576000.0
42097,2012,$,422000.0
42097,2007,$,196000.0
42099,2017,$,521000.0
42099,2012,$,428000.0
42099,2007,$,129000.0
42109,2007,$,31000.0
42119,2012,$,150000.0
42025,2012,$,17000.0
42025,2007,$,17000.0
42077,2017,$,111000.0
42077,2012,$,96000.0
42095,2012,$,102000.0
42107,2017,$,159000.0
42107,2012,$,634000.0
42107,2007,$,8000.0
42051,2012,$,26000.0
42051,2007,$,14000.0
42111,2012,$,49000.0
42111,2007,$,34000.0
42125,2012,$,13000.0
42125,2007,$,2000.0
42129,2017,$,165000.0
42129,2012,$,43000.0
42001,2017,$,246000.0
42001,2012,$,828000.0
42001,2007,$,175000.0
42009,2017,$,341000.0
42009,2012,$,386000.0
42009,2007,$,52000.0
42041,2017,$,751000.0
42041,2012,$,1166000.0
42041,2007,$,250000.0
42055,2017,$,1366000.0
42055,2012,$,2322000.0
42055,2007,$,436000.0
42057,2017,$,169000.0
42057,2012,$,283000.0
42057,2007,$,92000.0
42133,2007,$,894000.0
42011,2017,$,626000.0
42011,2012,$,1575000.0
42011,2007,$,416000.0
42017,2017,$,34000.0
42017,2012,$,10000.0
42017,2007,$,4000.0
42029,2012,$,347000.0
42029,2007,$,265000.0
42071,2017,$,1446000.0
42071,2012,$,2792000.0
42071,2007,$,1163000.0
42075,2017,$,546000.0
42075,2012,$,899000.0
42075,2007,$,313000.0
45007,2012,$,26000.0
45007,2007,$,22000.0
45079,2007,$,4000.0
46019,2012,$,7000.0
46031,2012,$,164000.0
46031,2007,$,397000.0
46063,2017,$,78000.0
46063,2012,$,302000.0
46063,2007,$,489000.0
46105,2017,$,170000.0
46105,2012,$,1425000.0
46137,2007,$,36000.0
46089,2017,$,210000.0
46089,2007,$,459000.0
46115,2017,$,202000.0
46115,2012,$,515000.0
46109,2017,$,306000.0
46109,2012,$,59000.0
46109,2007,$,226000.0
46055,2017,$,424000.0
46093,2017,$,40000.0
46093,2012,$,7000.0
46093,2007,$,12000.0
46103,2007,$,27000.0
46011,2007,$,43000.0
46075,2017,$,380000.0
46023,2017,$,8000.0
46125,2012,$,27000.0
46135,2012,$,21000.0
47165,2012,$,25000.0
47179,2017,$,2000.0
48111,2017,$,678000.0
48369,2017,$,1085000.0
48369,2007,$,104000.0
48399,2012,$,31000.0
48121,2012,$,17000.0
48095,2012,$,127000.0
48451,2012,$,23000.0
49003,2012,$,1488000.0
49003,2007,$,677000.0
49005,2017,$,1205000.0
49005,2007,$,1511000.0
49011,2007,$,20000.0
49029,2017,$,263000.0
49029,2012,$,245000.0
49029,2007,$,111000.0
49033,2007,$,76000.0
49035,2007,$,13000.0
49045,2012,$,54000.0
49045,2007,$,58000.0
49057,2012,$,200000.0
49057,2007,$,44000.0
49023,2012,$,227000.0
49023,2007,$,158000.0
49027,2017,$,1048000.0
49027,2007,$,704000.0
49039,2017,$,226000.0
49039,2012,$,260000.0
49039,2007,$,240000.0
49041,2017,$,14000.0
49041,2012,$,127000.0
49041,2007,$,197000.0
49049,2017,$,300000.0
49049,2012,$,734000.0
49049,2007,$,339000.0
49007,2012,$,26000.0
49013,2012,$,34000.0
49013,2007,$,81000.0
49015,2017,$,3000.0
49015,2012,$,45000.0
49047,2017,$,105000.0
49047,2012,$,223000.0
49047,2007,$,67000.0
49001,2007,$,30000.0
49055,2012,$,34000.0
51043,2012,$,75000.0
51047,2012,$,291000.0
51047,2007,$,93000.0
51061,2017,$,145000.0
51061,2012,$,226000.0
51061,2007,$,55000.0
51069,2012,$,57000.0
51107,2012,$,24000.0
51107,2007,$,35000.0
51113,2007,$,64000.0
51139,2017,$,116000.0
51139,2012,$,371000.0
51139,2007,$,37000.0
51165,2017,$,106000.0
51165,2012,$,382000.0
51165,2007,$,175000.0
51171,2017,$,132000.0
51171,2012,$,246000.0
51171,2007,$,105000.0
51015,2017,$,133000.0
51015,2012,$,360000.0
51015,2007,$,124000.0
51163,2012,$,58000.0
51007,2017,$,53000.0
51007,2012,$,233000.0
51007,2007,$,90000.0
51019,2017,$,13000.0
51019,2012,$,28000.0
51019,2007,$,31000.0
51031,2007,$,30000.0
51065,2007,$,2000.0
51079,2017,$,2000.0
51085,2017,$,156000.0
51109,2012,$,101000.0
51109,2007,$,21000.0
51177,2017,$,36000.0
51177,2012,$,85000.0
51057,2012,$,779000.0
51099,2012,$,40000.0
51101,2012,$,81000.0
51101,2007,$,158000.0
51103,2012,$,110000.0
51119,2007,$,7000.0
51133,2017,$,23000.0
51133,2007,$,224000.0
51159,2007,$,168000.0
51193,2017,$,240000.0
51193,2012,$,1437000.0
51193,2007,$,458000.0
51121,2007,$,3000.0
51173,2007,$,6000.0
51037,2012,$,98000.0
51037,2007,$,11000.0
51067,2012,$,82000.0
51067,2007,$,23000.0
51083,2012,$,8000.0
51083,2007,$,3000.0
51135,2012,$,59000.0
51143,2017,$,111000.0
51143,2012,$,111000.0
51149,2007,$,11000.0
53009,2017,$,142000.0
53009,2012,$,234000.0
53009,2007,$,141000.0
53015,2012,$,426000.0
53027,2007,$,17000.0
53029,2012,$,347000.0
53029,2007,$,301000.0
53041,2017,$,29000.0
53041,2012,$,175000.0
53041,2007,$,108000.0
53055,2017,$,50000.0
53057,2017,$,1165000.0
53057,2012,$,1205000.0
53057,2007,$,406000.0
53061,2017,$,522000.0
53061,2012,$,151000.0
53061,2007,$,171000.0
53005,2007,$,42000.0
53037,2017,$,189000.0
53047,2017,$,140000.0
53047,2012,$,416000.0
53077,2017,$,23000.0
53063,2017,$,2199000.0
53065,2017,$,256000.0
53065,2012,$,1641000.0
53065,2007,$,480000.0
53001,2012,$,791000.0
53001,2007,$,492000.0
53017,2017,$,126000.0
53025,2017,$,799000.0
53025,2012,$,246000.0
53025,2007,$,452000.0
53043,2017,$,1600000.0
53043,2012,$,11143000.0
53043,2007,$,8957000.0
53003,2012,$,495000.0
53013,2007,$,3710000.0
53023,2017,$,450000.0
53023,2012,$,1729000.0
53075,2017,$,8997000.0
53075,2007,$,30909000.0
54017,2017,$,11000.0
54061,2017,$,7000.0
54003,2017,$,59000.0
54003,2012,$,168000.0
54003,2007,$,21000.0
54027,2012,$,5000.0
54031,2012,$,89000.0
54037,2007,$,29000.0
54057,2012,$,4000.0
54065,2007,$,3000.0
54071,2017,$,10000.0
55005,2017,$,37000.0
55005,2012,$,72000.0
55005,2007,$,47000.0
55007,2017,$,202000.0
55007,2012,$,37000.0
55007,2007,$,5000.0
55017,2017,$,142000.0
55017,2007,$,5000.0
55095,2007,$,12000.0
55107,2017,$,31000.0
55107,2007,$,8000.0
55003,2007,$,4000.0
55019,2017,$,114000.0
55019,2012,$,378000.0
55019,2007,$,27000.0
55069,2017,$,52000.0
55069,2012,$,66000.0
55069,2007,$,22000.0
55073,2017,$,71000.0
55073,2012,$,333000.0
55085,2017,$,7000.0
55099,2017,$,2000.0
55099,2012,$,2000.0
55119,2012,$,49000.0
55119,2007,$,15000.0
55041,2017,$,1000.0
55067,2017,$,104000.0
55067,2012,$,170000.0
55067,2007,$,33000.0
55115,2017,$,57000.0
55115,2012,$,61000.0
55115,2007,$,24000.0
55011,2017,$,153000.0
55011,2012,$,60000.0
55011,2007,$,12000.0
55033,2017,$,55000.0
55035,2012,$,25000.0
55053,2012,$,6000.0
55053,2007,$,8000.0
55063,2017,$,58000.0
55063,2012,$,10000.0
55063,2007,$,31000.0
55081,2007,$,22000.0
55091,2007,$,12000.0
55093,2017,$,24000.0
55093,2012,$,99000.0
55093,2007,$,53000.0
55109,2017,$,9000.0
55109,2007,$,23000.0
55121,2017,$,196000.0
55121,2012,$,51000.0
55121,2007,$,12000.0
55001,2007,$,8000.0
55047,2017,$,46000.0
55047,2012,$,71000.0
55057,2017,$,8000.0
55057,2012,$,7000.0
55097,2012,$,133000.0
55097,2007,$,2000.0
55135,2017,$,14000.0
55141,2012,$,90000.0
55141,2007,$,58000.0
55009,2012,$,31000.0
55009,2007,$,26000.0
55015,2017,$,29000.0
55015,2007,$,27000.0
55029,2012,$,80000.0
55029,2007,$,64000.0
55039,2012,$,40000.0
55061,2007,$,19000.0
55071,2017,$,76000.0
55071,2012,$,38000.0
55071,2007,$,71000.0
55087,2017,$,13000.0
55087,2012,$,23000.0
55117,2012,$,42000.0
55117,2007,$,64000.0
55139,2012,$,67000.0
55023,2017,$,5000.0
55043,2012,$,25000.0
55043,2007,$,12000.0
55049,2017,$,49000.0
55049,2007,$,2000.0
55065,2017,$,61000.0
55065,2012,$,44000.0
55065,2007,$,13000.0
55103,2007,$,22000.0
55111,2007,$,4000.0
55123,2012,$,46000.0
55123,2007,$,47000.0
55025,2007,$,9000.0
55027,2017,$,119000.0
55027,2007,$,34000.0
55055,2012,$,27000.0
55055,2007,$,15000.0
55105,2017,$,2000.0
55105,2007,$,9000.0
55089,2007,$,3000.0
55127,2012,$,20000.0
55131,2017,$,28000.0
55131,2007,$,39000.0
56003,2017,$,9243000.0
56003,2012,$,7261000.0
56003,2007,$,2907000.0
56013,2017,$,2651000.0
56013,2012,$,2378000.0
56013,2007,$,587000.0
56017,2012,$,310000.0
56029,2017,$,9881000.0
56029,2012,$,12270000.0
56029,2007,$,4570000.0
56043,2017,$,5347000.0
56043,2012,$,7538000.0
56043,2007,$,4264000.0
56005,2012,$,9000.0
56011,2012,$,22000.0
56011,2007,$,91000.0
56019,2012,$,16000.0
56033,2012,$,25000.0
56023,2017,$,879000.0
56023,2012,$,1479000.0
56023,2007,$,1039000.0
56039,2017,$,838000.0
56039,2007,$,747000.0
56041,2017,$,31000.0
56025,2017,$,60000.0
56025,2007,$,166000.0
56037,2012,$,140000.0
56037,2007,$,197000.0
56009,2012,$,136000.0
56015,2012,$,719000.0
56031,2017,$,377000.0
